,Open,Close,"SI(C2<>B2,1,0)"
0,1113.56006,1108.35999,1
1,1108.35999,1110.10999,1
2,1110.10999,1103.52002,1
3,1103.52002,1110.06006,1
4,1110.06006,1114.80005,1
5,1114.80005,1114.57996,1
6,1114.57996,1131.5,1
7,1131.5,1135.17004,1
8,1135.17004,1134.47998,1
9,1134.47998,1142.05005,1
10,1142.05005,1130.65002,1
11,1130.65002,1122.14002,1
12,1122.14002,1124.39002,1
13,1124.39002,1121.83997,1
14,1121.83997,1113.65002,1
15,1113.65002,1103.29004,1
16,1103.29004,1108.19995,1
17,1108.19995,1114.02002,1
18,1114.02002,1103.22998,1
19,1103.22998,1103.66003,1
20,1103.66003,1106.48999,1
21,1106.48999,1095.73999,1
22,1095.73999,1094.80005,1
23,1094.81006,1111.08997,1
24,1111.08997,1125.40002,1
25,1125.33997,1127.43994,1
26,1127.43994,1130.19995,1
27,1130.19995,1130.51001,1
28,1130.51001,1130.56006,1
29,1130.54004,1143.19995,1
30,1143.19995,1161.67004,1
31,1161.67004,1166.17004,1
32,1166.17004,1164.89002,1
33,1164.89002,1164.07996,1
34,1164.07996,1162.91003,1
35,1162.91003,1173.47998,1
36,1173.47998,1184.17004,1
37,1184.17004,1183.81006,1
38,1183.81006,1175.43005,1
39,1175.43005,1181.93994,1
40,1181.93994,1183.55005,1
41,1183.55005,1170.33997,1
42,1170.33997,1177.23999,1
43,1177.23999,1176.93994,1
44,1176.93994,1181.76001,1
45,1181.76001,1182.65002,1
46,1182.65002,1178.56995,1
47,1178.56995,1173.81995,1
48,1173.78003,1191.37,1
49,1191.37,1190.32996,1
50,1190.32996,1191.17004,1
51,1191.17004,1190.25,1
52,1190.25,1177.06995,1
53,1177.06995,1182.81006,1
54,1182.81006,1189.23999,1
55,1189.23999,1188,1
56,1188,1198.68005,1
57,1198.68005,1203.38001,1
58,1203.38001,1205.71997,1
59,1205.71997,1203.20996,1
60,1203.20996,1194.19995,1
61,1194.19995,1194.65002,1
62,1194.65002,1205.44995,1
63,1205.44995,1209.56995,1
64,1209.56995,1210.13001,1
65,1210.13001,1204.92004,1
66,1204.92004,1213.54004,1
67,1213.54004,1213.44995,1
68,1213.44995,1213.55005,1
69,1213.55005,1211.92004,1
70,1211.92004,1202.07996,1
71,1202.07996,1188.05005,1
72,1188.05005,1183.73999,1
73,1183.73999,1187.89002,1
74,1187.89002,1186.18994,1
75,1186.18994,1190.25,1
76,1190.25,1182.98999,1
77,1182.98999,1187.69995,1
78,1187.69995,1177.44995,1
79,1177.44995,1184.52002,1
80,1184.52002,1195.97998,1
81,1195.97998,1184.63001,1
82,1184.63001,1175.41003,1
83,1175.41003,1167.87,1
84,1167.87,1163.75,1
85,1163.75,1168.41003,1
86,1168.41003,1174.06995,1
87,1174.06995,1174.55005,1
88,1174.55005,1171.35999,1
89,1171.35999,1181.27002,1
90,1181.27002,1189.41003,1
91,1189.41003,1193.18994,1
92,1193.18994,1189.89002,1
93,1189.89002,1203.03003,1
94,1203.03003,1201.71997,1
95,1201.71997,1202.30005,1
96,1202.30005,1191.98999,1
97,1191.98999,1197.01001,1
98,1197.01001,1205.30005,1
99,1205.30005,1206.14002,1
100,1206.14002,1210.12,1
101,1210.12,1210.33997,1
102,1210.33997,1200.75,1
103,1200.75,1201.58997,1
104,1201.58997,1184.16003,1
105,1184.16003,1190.80005,1
106,1190.80005,1200.19995,1
107,1200.19995,1211.37,1
108,1211.37,1203.59998,1
109,1203.59998,1210.41003,1
110,1210.41003,1210.07996,1
111,1210.07996,1210.46997,1
112,1210.46997,1222.12,1
113,1222.12,1225.31006,1
114,1225.31006,1219.43005,1
115,1219.43005,1207.01001,1
116,1207.01001,1209.25,1
117,1209.25,1200.07996,1
118,1200.07996,1206.82996,1
119,1206.82996,1197.75,1
120,1197.75,1188.06995,1
121,1188.06995,1190.20996,1
122,1190.20996,1189.65002,1
123,1189.65002,1183.78003,1
124,1183.78003,1171.70996,1
125,1171.70996,1172.53003,1
126,1172.53003,1171.42004,1
127,1171.42004,1174.28003,1
128,1174.28003,1165.35999,1
129,1165.35999,1181.41003,1
130,1181.41003,1180.58997,1
131,1180.58997,1172.92004,1
132,1172.79004,1176.12,1
133,1176.12,1181.39002,1
134,1181.39002,1184.06995,1
135,1184.06995,1191.14002,1
136,1191.14002,1181.19995,1
137,1181.19995,1181.20996,1
138,1181.20996,1187.76001,1
139,1187.76001,1173.79004,1
140,1173.79004,1162.05005,1
141,1162.05005,1142.62,1
142,1142.62,1145.97998,1
143,1145.97998,1152.78003,1
144,1152.78003,1137.5,1
145,1137.5,1159.94995,1
146,1159.94995,1152.12,1
147,1152.12,1162.09998,1
148,1162.09998,1151.82996,1
149,1151.73999,1156.38001,1
150,1156.38001,1143.21997,1
151,1143.21997,1156.84998,1
152,1156.84998,1162.16003,1
153,1162.16003,1161.17004,1
154,1161.17004,1175.65002,1
155,1175.65002,1172.63001,1
156,1172.63001,1171.34998,1
157,1171.34998,1178.83997,1
158,1178.83997,1166.21997,1
159,1166.21997,1171.10999,1
160,1171.10999,1159.35999,1
161,1159.35999,1154.05005,1
162,1154.05005,1165.68994,1
163,1165.68994,1173.80005,1
164,1173.80005,1185.56006,1
165,1185.56006,1191.07996,1
166,1191.07996,1189.28003,1
167,1189.28003,1193.85999,1
168,1193.85999,1194.06995,1
169,1194.06995,1190.01001,1
170,1190.01001,1197.62,1
171,1197.62,1198.78003,1
172,1198.78003,1191.5,1
173,1191.5,1202.21997,1
174,1202.27002,1204.29004,1
175,1204.29004,1196.02002,1
176,1196.02002,1197.51001,1
177,1197.51001,1197.26001,1
178,1197.26001,1194.67004,1
179,1194.67004,1200.93005,1
180,1200.93005,1198.10999,1
181,1198.10999,1200.81995,1
182,1200.81995,1203.91003,1
183,1203.91003,1206.57996,1
184,1206.55005,1210.95996,1
185,1210.93005,1216.95996,1
186,1216.95996,1216.09998,1
187,1216.09998,1213.60999,1
188,1213.60999,1213.88001,1
189,1213.88001,1200.72998,1
190,1200.72998,1191.56995,1
191,1191.56995,1190.68994,1
192,1190.68994,1201.56995,1
193,1201.56995,1199.84998,1
194,1199.84998,1191.32996,1
195,1191.32996,1194.43994,1
196,1194.43994,1204.98999,1
197,1204.98999,1194.93994,1
198,1194.93994,1197.87,1
199,1197.87,1211.85999,1
200,1211.85999,1219.43994,1
201,1219.43994,1222.20996,1
202,1222.20996,1223.29004,1
203,1223.29004,1226.5,1
204,1226.5,1227.92004,1
205,1227.92004,1221.13001,1
206,1221.13001,1229.34998,1
207,1229.34998,1235.19995,1
208,1235.19995,1227.04004,1
209,1227.04004,1233.68005,1
210,1233.68005,1229.03003,1
211,1229.03003,1231.16003,1
212,1231.16003,1236.79004,1
213,1236.79004,1243.71997,1
214,1243.71997,1234.18005,1
215,1234.18005,1235.34998,1
216,1235.34998,1244.12,1
217,1244.12,1245.04004,1
218,1245.04004,1235.85999,1
219,1235.85999,1226.42004,1
220,1226.42004,1223.13001,1
221,1223.13001,1231.38001,1
222,1231.38001,1229.13001,1
223,1229.13001,1237.81006,1
224,1237.81006,1230.39002,1
225,1230.40002,1233.87,1
226,1233.87,1219.33997,1
227,1219.33997,1220.23999,1
228,1220.23999,1219.02002,1
229,1219.02002,1219.70996,1
230,1219.70996,1221.72998,1
231,1221.72998,1217.58997,1
232,1217.56995,1209.58997,1
233,1209.58997,1212.37,1
234,1212.40002,1205.09998,1
235,1205.09998,1212.28003,1
236,1212.28003,1208.41003,1
237,1208.41003,1220.32996,1
238,1220.32996,1221.58997,1
239,1221.58997,1218.02002,1
240,1218.02002,1233.39002,1
241,1233.39002,1236.35999,1
242,1236.35999,1231.67004,1
243,1231.67004,1241.47998,1
244,1241.47998,1240.56006,1
245,1240.56995,1231.19995,1
246,1231.19995,1227.16003,1
247,1227.16003,1227.72998,1
248,1228.42004,1237.91003,1
249,1237.91003,1231.02002,1
250,1231.02002,1221.33997,1
251,1221.33997,1210.19995,1
252,1210.19995,1214.62,1
253,1214.62,1215.29004,1
254,1215.29004,1215.63001,1
255,1215.63001,1215.66003,1
256,1215.66003,1216.89002,1
257,1216.89002,1227.68005,1
258,1227.68005,1228.81006,1
259,1228.81006,1226.69995,1
260,1226.69995,1214.46997,1
261,1214.46997,1196.39002,1
262,1196.39002,1191.48999,1
263,1191.48999,1195.90002,1
264,1195.90002,1187.32996,1
265,1187.32996,1184.87,1
266,1184.87,1177.68005,1
267,1177.68005,1176.83997,1
268,1176.83997,1186.56995,1
269,1186.56995,1190.09998,1
270,1190.09998,1178.14002,1
271,1178.14002,1195.76001,1
272,1195.76001,1177.80005,1
273,1177.80005,1179.58997,1
274,1179.58997,1199.38001,1
275,1199.38001,1196.54004,1
276,1196.54004,1191.38001,1
277,1191.38001,1178.90002,1
278,1178.90002,1198.41003,1
279,1198.41003,1207.01001,1
280,1207.01001,1202.76001,1
281,1202.76001,1214.76001,1
282,1214.76001,1219.93994,1
283,1219.93994,1220.14002,1
284,1220.14002,1222.81006,1
285,1222.81006,1218.58997,1
286,1218.58997,1220.65002,1
287,1220.65002,1230.95996,1
288,1230.95996,1234.71997,1
289,1234.71997,1233.76001,1
290,1233.76001,1229.01001,1
291,1229.01001,1231.20996,1
292,1231.20996,1242.80005,1
293,1242.80005,1248.27002,1
294,1248.27002,1254.84998,1
295,1254.84998,1261.22998,1
296,1261.22998,1265.60999,1
297,1265.60999,1268.25,1
298,1268.25,1257.45996,1
299,1257.45996,1257.47998,1
300,1257.47998,1249.47998,1
301,1249.47998,1264.67004,1
302,1264.67004,1265.07996,1
303,1265.07996,1262.08997,1
304,1262.08997,1263.69995,1
305,1263.69995,1257.37,1
306,1257.37,1255.83997,1
307,1255.83997,1259.37,1
308,1259.37,1260.43005,1
309,1260.43005,1267.43005,1
310,1267.43005,1272.73999,1
311,1272.73999,1270.93994,1
312,1270.93994,1267.31995,1
313,1267.31995,1259.92004,1
314,1259.92004,1259.62,1
315,1259.62,1262.79004,1
316,1262.79004,1268.12,1
317,1268.12,1268.66003,1
318,1268.66003,1256.54004,1
319,1256.54004,1258.17004,1
320,1258.17004,1254.42004,1
321,1254.42004,1248.29004,1
322,1248.29004,1268.80005,1
323,1268.80005,1273.45996,1
324,1273.45996,1273.47998,1
325,1273.47998,1285.44995,1
326,1285.44995,1290.15002,1
327,1290.15002,1289.68994,1
328,1289.71997,1294.18005,1
329,1294.18005,1286.06006,1
330,1286.06006,1287.60999,1
331,1287.60999,1282.93005,1
332,1282.93005,1277.93005,1
333,1277.93005,1285.04004,1
334,1285.04004,1261.48999,1
335,1261.48999,1263.81995,1
336,1263.81995,1266.85999,1
337,1266.85999,1264.68005,1
338,1264.68005,1273.82996,1
339,1273.82996,1283.71997,1
340,1283.71997,1285.18994,1
341,1285.19995,1280.07996,1
342,1280.07996,1282.45996,1
343,1282.45996,1270.83997,1
344,1270.83997,1264.03003,1
345,1264.03003,1265.02002,1
346,1265.02002,1254.78003,1
347,1254.78003,1265.65002,1
348,1265.65002,1263.78003,1
349,1263.81995,1266.98999,1
350,1266.98999,1262.85999,1
351,1262.85999,1275.53003,1
352,1275.53003,1280,1
353,1280,1289.38001,1
354,1289.38001,1287.23999,1
355,1287.23999,1283.03003,1
356,1283.03003,1292.67004,1
357,1292.67004,1287.79004,1
358,1287.79004,1289.43005,1
359,1289.43005,1294.12,1
360,1294.12,1280.66003,1
361,1280.66003,1291.23999,1
362,1291.23999,1289.14002,1
363,1289.14002,1287.22998,1
364,1287.22998,1278.26001,1
365,1278.26001,1275.88001,1
366,1275.88001,1278.46997,1
367,1278.46997,1272.22998,1
368,1272.22998,1281.42004,1
369,1281.57996,1284.13001,1
370,1284.13001,1297.47998,1
371,1297.47998,1303.02002,1
372,1303.02002,1305.32996,1
373,1305.32996,1307.25,1
374,1307.25,1305.07996,1
375,1305.07996,1297.22998,1
376,1297.22998,1305.04004,1
377,1305.04004,1301.67004,1
378,1301.67004,1302.94995,1
379,1302.94995,1301.60999,1
380,1301.60999,1293.22998,1
381,1293.22998,1302.89002,1
382,1302.89002,1300.25,1
383,1300.25,1294.87,1
384,1302.88001,1297.81006,1
385,1297.81006,1305.93005,1
386,1305.93005,1311.56006,1
387,1311.56006,1309.04004,1
388,1309.04004,1295.5,1
389,1295.51001,1296.62,1
390,1296.59998,1286.56995,1
391,1286.56995,1288.12,1
392,1288.12,1289.12,1
393,1289.12,1285.32996,1
394,1285.32996,1307.28003,1
395,1307.65002,1309.93005,1
396,1309.93005,1311.45996,1
397,1311.45996,1311.28003,1
398,1311.28003,1308.10999,1
399,1308.10999,1301.73999,1
400,1301.73999,1305.41003,1
401,1305.41003,1309.71997,1
402,1309.71997,1310.60999,1
403,1310.60999,1305.18994,1
404,1305.18994,1313.20996,1
405,1313.20996,1308.12,1
406,1307.84998,1312.25,1
407,1312.25,1325.76001,1
408,1325.76001,1324.66003,1
409,1324.66003,1325.14002,1
410,1324.56995,1322.84998,1
411,1322.63001,1305.92004,1
412,1305.88001,1291.23999,1
413,1291.18994,1294.5,1
414,1294.5,1292.07996,1
415,1291.72998,1270.31995,1
416,1270.25,1261.81006,1
417,1261.81006,1267.03003,1
418,1267.03003,1262.06995,1
419,1262.06006,1256.57996,1
420,1256.56006,1258.56995,1
421,1258.41003,1272.88001,1
422,1272.70996,1280.16003,1
423,1280.04004,1259.87,1
424,1259.38001,1270.08997,1
425,1270.05005,1285.70996,1
426,1285.70996,1288.21997,1
427,1288.16003,1265.29004,1
428,1265.22998,1263.84998,1
429,1263.60999,1256.15002,1
430,1256.07996,1257.93005,1
431,1257.93005,1252.30005,1
432,1252.27002,1237.43994,1
433,1236.07996,1223.68994,1
434,1223.66003,1230.04004,1
435,1230.01001,1256.16003,1
436,1256.16003,1251.54004,1
437,1251.54004,1240.13001,1
438,1240.12,1240.12,0
439,1240.08997,1252.19995,1
440,1251.92004,1245.59998,1
441,1245.58997,1244.5,1
442,1244.5,1250.56006,1
443,1250.55005,1239.19995,1
444,1238.98999,1246,1
445,1245.93994,1272.87,1
446,1272.85999,1270.19995,1
447,1270.06006,1280.18994,1
448,1280.05005,1270.91003,1
449,1270.57996,1274.07996,1
450,1274.07996,1265.47998,1
451,1265.45996,1267.33997,1
452,1267.26001,1272.43005,1
453,1272.39002,1258.59998,1
454,1258.57996,1242.28003,1
455,1242.29004,1236.19995,1
456,1236.19995,1234.48999,1
457,1234.47998,1236.85999,1
458,1236.73999,1259.81006,1
459,1259.81006,1249.13001,1
460,1249.12,1240.29004,1
461,1240.25,1260.91003,1
462,1260.91003,1268.88001,1
463,1268.87,1268.40002,1
464,1268.19995,1263.19995,1
465,1263.15002,1278.55005,1
466,1278.53003,1276.66003,1
467,1278.53003,1270.92004,1
468,1270.72998,1277.41003,1
469,1278.21997,1280.27002,1
470,1280.26001,1279.35999,1
471,1279.31006,1275.77002,1
472,1275.67004,1271.47998,1
473,1271.13001,1265.94995,1
474,1265.71997,1271.81006,1
475,1271.64002,1266.73999,1
476,1266.67004,1268.20996,1
477,1268.18994,1285.57996,1
478,1285.27002,1295.43005,1
479,1295.37,1297.47998,1
480,1297.47998,1302.30005,1
481,1302.30005,1297.52002,1
482,1297.52002,1298.81995,1
483,1298.72998,1292.98999,1
484,1292.96997,1296.06006,1
485,1295.92004,1295.08997,1
486,1295.08997,1301.78003,1
487,1301.56995,1304.28003,1
488,1303.69995,1305.37,1
489,1304.25,1303.81995,1
490,1303.80005,1311.01001,1
491,1310.93994,1313.25,1
492,1313.04004,1300.26001,1
493,1300.20996,1294.02002,1
494,1294.02002,1298.92004,1
495,1298.85999,1299.54004,1
496,1299.53003,1313,1
497,1312.73999,1318.06995,1
498,1318,1316.28003,1
499,1316.28003,1319.66003,1
500,1319.84998,1321.18005,1
501,1321.17004,1317.64002,1
502,1318.28003,1325.18005,1
503,1324.89002,1318.03003,1
504,1318.03003,1314.78003,1
505,1314.78003,1326.37,1
506,1326.34998,1336.34998,1
507,1336.12,1336.58997,1
508,1336.56006,1338.88001,1
509,1339.15002,1335.84998,1
510,1335.81995,1331.31995,1
511,1331.31995,1334.10999,1
512,1333.81006,1350.19995,1
513,1349.83997,1353.21997,1
514,1353.21997,1349.58997,1
515,1349.57996,1350.66003,1
516,1350.62,1353.42004,1
517,1353.28003,1349.94995,1
518,1349.93994,1362.82996,1
519,1362.81995,1365.62,1
520,1365.60999,1369.06006,1
521,1369.05005,1364.05005,1
522,1363.93005,1365.80005,1
523,1365.94995,1366.95996,1
524,1366.93994,1368.59998,1
525,1368.57996,1377.02002,1
526,1377.02002,1377.38001,1
527,1377.35999,1382.21997,1
528,1382.20996,1389.07996,1
529,1388.89002,1377.33997,1
530,1377.30005,1377.93005,1
531,1377.93005,1377.93994,1
532,1377.76001,1367.81006,1
533,1367.43994,1367.33997,1
534,1367.31006,1364.30005,1
535,1364.27002,1379.78003,1
536,1379.75,1382.83997,1
537,1382.5,1385.71997,1
538,1385.43005,1378.32996,1
539,1378.32996,1380.90002,1
540,1380.57996,1384.42004,1
541,1384.35999,1393.21997,1
542,1392.91003,1396.56995,1
543,1396.53003,1399.76001,1
544,1399.76001,1401.19995,1
545,1401.17004,1400.5,1
546,1400.43005,1402.81006,1
547,1402.68994,1406.08997,1
548,1405.93994,1400.94995,1
549,1400.94995,1381.95996,1
550,1381.60999,1386.71997,1
551,1386.10999,1399.47998,1
552,1399.46997,1400.63001,1
553,1400.63001,1396.70996,1
554,1396.67004,1409.12,1
555,1409.09998,1414.76001,1
556,1414.40002,1412.90002,1
557,1412.85999,1407.29004,1
558,1407.27002,1409.83997,1
559,1409.81006,1413.04004,1
560,1413,1411.56006,1
561,1411.31995,1413.20996,1
562,1413.16003,1425.48999,1
563,1425.47998,1427.08997,1
564,1427.07996,1422.47998,1
565,1422.42004,1425.55005,1
566,1425.51001,1423.53003,1
567,1423.19995,1418.30005,1
568,1418.09998,1410.76001,1
569,1410.75,1416.90002,1
570,1416.63001,1426.83997,1
571,1426.77002,1424.72998,1
572,1424.70996,1418.30005,1
573,1418.03003,1416.59998,1
574,1416.59998,1418.33997,1
575,1418.33997,1409.70996,1
576,1409.26001,1412.83997,1
577,1412.83997,1412.10999,1
578,1408.69995,1414.84998,1
579,1414.83997,1423.81995,1
580,1423.81995,1430.72998,1
581,1430.72998,1431.90002,1
582,1431.77002,1430.62,1
583,1430.58997,1426.37,1
584,1426.34998,1430.5,1
585,1430.46997,1422.94995,1
586,1422.94995,1427.98999,1
587,1427.95996,1440.13001,1
588,1440.12,1423.90002,1
589,1423.90002,1422.18005,1
590,1422.03003,1420.62,1
591,1420.60999,1428.81995,1
592,1428.65002,1438.23999,1
593,1437.90002,1445.93994,1
594,1445.93994,1448.39002,1
595,1448.32996,1446.98999,1
596,1446.97998,1448,1
597,1447.41003,1450.02002,1
598,1449.98999,1448.31006,1
599,1448.25,1438.06006,1
600,1438,1433.37,1
601,1433.21997,1444.26001,1
602,1443.91003,1455.30005,1
603,1455.15002,1456.81006,1
604,1456.77002,1455.54004,1
605,1455.53003,1459.68005,1
606,1459.59998,1457.63001,1
607,1457.29004,1456.38001,1
608,1456.21997,1451.18994,1
609,1451.04004,1449.37,1
610,1449.25,1399.04004,1
611,1398.64002,1406.81995,1
612,1406.80005,1403.17004,1
613,1403.16003,1387.17004,1
614,1387.10999,1374.12,1
615,1374.06006,1395.41003,1
616,1395.02002,1391.96997,1
617,1391.88001,1401.89002,1
618,1401.89002,1402.83997,1
619,1402.80005,1406.59998,1
620,1406.22998,1377.94995,1
621,1377.85999,1387.17004,1
622,1387.10999,1392.28003,1
623,1392.28003,1386.94995,1
624,1386.94995,1402.06006,1
625,1402.04004,1410.93994,1
626,1410.92004,1435.04004,1
627,1435.04004,1434.54004,1
628,1434.54004,1436.10999,1
629,1436.10999,1437.5,1
630,1437.48999,1428.60999,1
631,1428.34998,1417.22998,1
632,1417.17004,1422.53003,1
633,1422.52002,1420.85999,1
634,1420.82996,1424.55005,1
635,1424.27002,1437.77002,1
636,1437.75,1439.37,1
637,1438.93994,1443.76001,1
638,1443.77002,1444.60999,1
639,1444.57996,1448.39002,1
640,1448.22998,1438.87,1
641,1438.87,1447.80005,1
642,1447.80005,1452.84998,1
643,1452.83997,1468.32996,1
644,1468.46997,1471.47998,1
645,1471.46997,1472.5,1
646,1472.47998,1470.72998,1
647,1470.68994,1484.34998,1
648,1484.32996,1480.93005,1
649,1480.93005,1480.41003,1
650,1480.28003,1495.42004,1
651,1495.27002,1494.25,1
652,1494.20996,1494.06995,1
653,1494.06995,1482.37,1
654,1482.37,1486.30005,1
655,1486.13001,1495.92004,1
656,1495.56006,1502.39002,1
657,1502.34998,1505.62,1
658,1505.56995,1509.47998,1
659,1509.35999,1507.71997,1
660,1507.31995,1512.57996,1
661,1512.32996,1491.46997,1
662,1491.46997,1505.84998,1
663,1505.76001,1503.15002,1
664,1503.10999,1501.18994,1
665,1500.75,1514.14002,1
666,1514.01001,1512.75,1
667,1512.73999,1522.75,1
668,1522.75,1525.09998,1
669,1525.09998,1524.12,1
670,1524.08997,1522.28003,1
671,1522.09998,1507.51001,1
672,1507.5,1515.72998,1
673,1515.55005,1518.10999,1
674,1517.59998,1530.22998,1
675,1530.18994,1530.62,1
676,1530.62,1536.33997,1
677,1536.28003,1539.18005,1
678,1539.12,1530.94995,1
679,1530.56995,1517.38001,1
680,1517.35999,1490.71997,1
681,1490.70996,1507.67004,1
682,1507.64002,1509.12,1
683,1509.12,1493,1
684,1492.65002,1515.67004,1
685,1515.57996,1522.96997,1
686,1522.96997,1532.91003,1
687,1532.90002,1531.05005,1
688,1531.02002,1533.69995,1
689,1533.68005,1512.83997,1
690,1512.5,1522.18994,1
691,1522.18994,1502.56006,1
692,1502.56006,1497.73999,1
693,1497.68005,1492.89002,1
694,1492.62,1506.33997,1
695,1506.31995,1505.70996,1
696,1505.69995,1503.34998,1
697,1504.66003,1519.43005,1
698,1519.12,1524.87,1
699,1524.85999,1525.40002,1
700,1524.95996,1530.43994,1
701,1530.43005,1531.84998,1
702,1531.84998,1510.12,1
703,1509.93005,1518.76001,1
704,1518.73999,1547.69995,1
705,1547.68005,1552.5,1
706,1552.5,1549.52002,1
707,1549.52002,1549.37,1
708,1549.19995,1546.17004,1
709,1546.13001,1553.07996,1
710,1553.18994,1534.09998,1
711,1534.06006,1541.56995,1
712,1541.56995,1511.04004,1
713,1511.03003,1518.08997,1
714,1518.08997,1482.66003,1
715,1482.43994,1458.94995,1
716,1458.93005,1473.91003,1
717,1473.90002,1455.27002,1
718,1455.18005,1465.81006,1
719,1465.45996,1472.19995,1
720,1472.18005,1433.06006,1
721,1433.04004,1467.67004,1
722,1467.62,1476.70996,1
723,1476.21997,1497.48999,1
724,1497.20996,1453.08997,1
725,1453.08997,1453.64002,1
726,1453.42004,1452.92004,1
727,1452.87,1426.54004,1
728,1426.15002,1406.69995,1
729,1406.64002,1411.27002,1
730,1411.26001,1445.93994,1
731,1445.93994,1445.55005,1
732,1445.55005,1447.12,1
733,1447.03003,1464.06995,1
734,1464.05005,1462.5,1
735,1462.33997,1479.37,1
736,1479.35999,1466.79004,1
737,1466.71997,1432.35999,1
738,1432.01001,1463.76001,1
739,1463.67004,1457.64002,1
740,1457.60999,1473.98999,1
741,1473.95996,1489.42004,1
742,1488.76001,1472.29004,1
743,1472.03003,1478.55005,1
744,1478.55005,1453.55005,1
745,1453.5,1451.69995,1
746,1451.68994,1471.48999,1
747,1471.09998,1471.56006,1
748,1471.46997,1483.94995,1
749,1483.94995,1484.25,1
750,1484.23999,1476.65002,1
751,1476.63001,1519.78003,1
752,1519.75,1529.03003,1
753,1528.68994,1518.75,1
754,1518.75,1525.75,1
755,1525.75,1517.72998,1
756,1516.33997,1517.20996,1
757,1518.62,1525.42004,1
758,1527.31995,1531.38001,1
759,1531.23999,1526.75,1
760,1527.29004,1547.04004,1
761,1546.95996,1546.63001,1
762,1545.80005,1539.58997,1
763,1539.91003,1542.83997,1
764,1543.83997,1557.58997,1
765,1556.51001,1552.57996,1
766,1553.18005,1565.15002,1
767,1564.97998,1562.46997,1
768,1564.71997,1554.41003,1
769,1555.41003,1561.80005,1
770,1562.25,1548.70996,1
771,1547.81006,1538.53003,1
772,1544.43994,1541.23999,1
773,1539.29004,1540.07996,1
774,1540,1500.63001,1
775,1497.79004,1506.32996,1
776,1509.30005,1519.58997,1
777,1516.60999,1515.88001,1
778,1516.15002,1514.40002,1
779,1522.17004,1535.28003,1
780,1536.92004,1540.97998,1
781,1539.42004,1531.02002,1
782,1532.15002,1549.38001,1
783,1545.79004,1508.43994,1
784,1511.06995,1509.65002,1
785,1505.60999,1502.17004,1
786,1505.32996,1520.27002,1
787,1515.45996,1475.62,1
788,1475.27002,1474.77002,1
789,1467.58997,1453.69995,1
790,1453.66003,1439.18005,1
791,1441.34998,1481.05005,1
792,1483.40002,1470.57996,1
793,1468.04004,1451.15002,1
794,1453.08997,1458.73999,1
795,1456.69995,1433.27002,1
796,1434.51001,1439.69995,1
797,1434.70996,1416.77002,1
798,1417.62,1440.69995,1
799,1440.73999,1407.21997,1
800,1409.58997,1428.22998,1
801,1432.94995,1469.02002,1
802,1467.41003,1469.71997,1
803,1471.82996,1481.14002,1
804,1479.63001,1472.42004,1
805,1471.33997,1462.79004,1
806,1465.21997,1485.01001,1
807,1484.58997,1507.33997,1
808,1508.59998,1504.66003,1
809,1505.10999,1515.95996,1
810,1516.68005,1477.65002,1
811,1487.57996,1486.58997,1
812,1483.27002,1488.41003,1
813,1486.18994,1467.94995,1
814,1465.05005,1445.90002,1
815,1445.92004,1454.97998,1
816,1454.69995,1453,1
817,1456.42004,1460.12,1
818,1463.18994,1484.45996,1
819,1484.55005,1496.44995,1
820,1495.12,1497.66003,1
821,1495.05005,1476.27002,1
822,1479.82996,1478.48999,1
823,1475.25,1468.35999,1
824,1467.96997,1447.16003,1
825,1447.55005,1447.16003,1
826,1444.01001,1411.63001,1
827,1414.06995,1416.18005,1
828,1415.70996,1390.18994,1
829,1390.25,1409.13001,1
830,1406.78003,1420.32996,1
831,1419.91003,1401.02002,1
832,1402.91003,1416.25,1
833,1411.88001,1380.94995,1
834,1377.41003,1373.19995,1
835,1374.79004,1333.25,1
836,1333.90002,1325.18994,1
837,1312.93994,1310.5,1
838,1310.41003,1338.59998,1
839,1340.13001,1352.06995,1
840,1357.31995,1330.60999,1
841,1330.69995,1353.95996,1
842,1355.93994,1362.30005,1
843,1362.21997,1355.81006,1
844,1351.97998,1378.55005,1
845,1378.59998,1395.42004,1
846,1395.38001,1380.81995,1
847,1380.28003,1336.64002,1
848,1339.47998,1326.44995,1
849,1324.01001,1336.91003,1
850,1336.88001,1331.29004,1
851,1331.92004,1339.13001,1
852,1340.55005,1348.85999,1
853,1353.12,1367.20996,1
854,1367.32996,1348.85999,1
855,1347.52002,1349.98999,1
856,1355.85999,1348.78003,1
857,1348.39002,1360.03003,1
858,1362.20996,1342.53003,1
859,1344.21997,1353.10999,1
860,1352.75,1371.80005,1
861,1371.76001,1381.29004,1
862,1378.94995,1380.02002,1
863,1378.16003,1367.68005,1
864,1364.06995,1330.63001,1
865,1330.44995,1331.33997,1
866,1329.57996,1326.75,1
867,1327.68994,1333.69995,1
868,1332.19995,1304.33997,1
869,1301.53003,1293.37,1
870,1293.16003,1273.37,1
871,1274.40002,1320.65002,1
872,1321.13001,1308.77002,1
873,1305.26001,1315.47998,1
874,1316.05005,1288.14002,1
875,1283.20996,1276.59998,1
876,1277.16003,1330.73999,1
877,1330.96997,1298.42004,1
878,1299.67004,1329.51001,1
879,1330.29004,1349.88001,1
880,1349.06995,1352.98999,1
881,1352.44995,1341.13001,1
882,1340.33997,1325.76001,1
883,1327.02002,1315.21997,1
884,1315.92004,1322.69995,1
885,1326.41003,1370.18005,1
886,1369.95996,1367.53003,1
887,1365.68994,1369.31006,1
888,1369.84998,1370.40002,1
889,1373.68994,1372.54004,1
890,1370.16003,1365.54004,1
891,1365.5,1354.48999,1
892,1355.37,1360.55005,1
893,1357.97998,1332.82996,1
894,1332.19995,1328.31995,1
895,1331.71997,1334.43005,1
896,1337.02002,1364.70996,1
897,1363.37,1365.56006,1
898,1369,1390.32996,1
899,1387.71997,1388.17004,1
900,1386.43005,1375.93994,1
901,1378.40002,1379.93005,1
902,1380.52002,1388.81995,1
903,1387.88001,1397.83997,1
904,1397.95996,1396.37,1
905,1395.60999,1390.93994,1
906,1391.21997,1385.58997,1
907,1385.96997,1409.33997,1
908,1409.16003,1413.90002,1
909,1415.33997,1407.48999,1
910,1405.59998,1418.26001,1
911,1417.48999,1392.56995,1
912,1394.29004,1397.68005,1
913,1394.90002,1388.28003,1
914,1389.40002,1403.57996,1
915,1404.40002,1403.04004,1
916,1405.65002,1408.66003,1
917,1408.35999,1423.56995,1
918,1423.89002,1425.34998,1
919,1425.28003,1426.63001,1
920,1424.48999,1413.40002,1
921,1414.06006,1390.70996,1
922,1390.82996,1394.34998,1
923,1392.19995,1375.93005,1
924,1375.96997,1385.34998,1
925,1386.54004,1390.83997,1
926,1390.5,1398.26001,1
927,1398.35999,1400.38001,1
928,1399.62,1385.67004,1
929,1386.42004,1377.65002,1
930,1376.26001,1377.19995,1
931,1377.47998,1404.05005,1
932,1400.06006,1360.68005,1
933,1360.82996,1361.76001,1
934,1358.97998,1358.43994,1
935,1357.08997,1335.48999,1
936,1335.78003,1339.87,1
937,1341.81006,1360.03003,1
938,1358.84998,1360.14002,1
939,1360.70996,1350.93005,1
940,1349.58997,1337.81006,1
941,1336.89002,1342.82996,1
942,1341.02002,1317.93005,1
943,1319.77002,1318,1
944,1317.22998,1314.29004,1
945,1314.54004,1321.96997,1
946,1316.29004,1283.15002,1
947,1283.59998,1278.38001,1
948,1278.06006,1280,1
949,1276.68994,1284.91003,1
950,1285.81995,1261.52002,1
951,1262.95996,1262.90002,1
952,1262.90002,1252.31006,1
953,1251.83997,1273.69995,1
954,1273.38001,1244.68994,1
955,1245.25,1253.39002,1
956,1248.66003,1239.48999,1
957,1241.60999,1228.30005,1
958,1226.82996,1214.91003,1
959,1214.65002,1245.35999,1
960,1246.31006,1260.31995,1
961,1258.21997,1260.68005,1
962,1261.81995,1260,1
963,1257.07996,1277,1
964,1278.87,1282.18994,1
965,1283.21997,1252.54004,1
966,1253.51001,1257.76001,1
967,1257.76001,1234.37,1
968,1236.38001,1263.19995,1
969,1264.52002,1284.26001,1
970,1281.37,1267.38001,1
971,1269.42004,1260.31006,1
972,1253.27002,1249.01001,1
973,1254.87,1284.88001,1
974,1283.98999,1289.18994,1
975,1286.51001,1266.06995,1
976,1266.29004,1296.31995,1
977,1294.42004,1305.31995,1
978,1304.79004,1289.58997,1
979,1288.64002,1285.82996,1
980,1282.10999,1292.93005,1
981,1293.84998,1298.19995,1
982,1298.14002,1278.59998,1
983,1276.65002,1266.68994,1
984,1267.33997,1274.54004,1
985,1271.06995,1277.71997,1
986,1277.58997,1292.19995,1
987,1290.46997,1266.83997,1
988,1267.03003,1271.51001,1
989,1271.29004,1281.66003,1
990,1283.79004,1300.68005,1
991,1296.48999,1282.82996,1
992,1287.82996,1277.57996,1
993,1276.60999,1274.97998,1
994,1271.80005,1236.82996,1
995,1233.20996,1242.31006,1
996,1249.5,1267.79004,1
997,1267.97998,1224.51001,1
998,1227.5,1232.04004,1
999,1229.04004,1249.05005,1
1000,1245.88001,1251.69995,1
1001,1250.92004,1192.69995,1
1002,1188.31006,1213.59998,1
1003,1210.33997,1156.39002,1
1004,1157.07996,1206.51001,1
1005,1213.10999,1255.07996,1
1006,1255.37,1207.08997,1
1007,1207.60999,1188.21997,1
1008,1188.79004,1185.87,1
1009,1187.87,1209.18005,1
1010,1204.46997,1213.27002,1
1011,1209.06995,1106.42004,1
1012,1113.78003,1166.35999,1
1013,1164.17004,1161.06006,1
1014,1160.64002,1114.28003,1
1015,1115.16003,1099.22998,1
1016,1097.56006,1056.89002,1
1017,1057.59998,996.22998,1
1018,988.90997,984.94,1
1019,988.41998,909.91998,1
1020,902.31,899.21997,1
1021,912.75,1003.34998,1
1022,1009.96997,998.01001,1
1023,994.59998,907.84003,1
1024,909.53003,946.42999,1
1025,942.28998,940.54999,1
1026,943.51001,985.40002,1
1027,980.40002,955.04999,1
1028,951.66998,896.78003,1
1029,899.08002,908.10999,1
1030,895.21997,876.77002,1
1031,874.28003,848.91998,1
1032,848.91998,940.51001,1
1033,939.51001,930.09003,1
1034,939.38001,954.09003,1
1035,953.10999,968.75,1
1036,968.66998,966.29999,1
1037,971.31,1005.75,1
1038,1001.84003,952.77002,1
1039,952.40002,904.88001,1
1040,907.44,930.98999,1
1041,936.75,919.21002,1
1042,917.15002,898.95001,1
1043,893.39002,852.29999,1
1044,853.13001,911.28998,1
1045,904.35999,873.28998,1
1046,873.22998,850.75,1
1047,852.34003,859.12,1
1048,859.03003,806.58002,1
1049,805.87,752.44,1
1050,755.84003,800.03003,1
1051,801.20001,851.81,1
1052,853.40002,857.39002,1
1053,852.90002,887.67999,1
1054,886.89002,896.23999,1
1055,888.60999,816.21002,1
1056,817.94,848.81,1
1057,843.59998,870.73999,1
1058,869.75,845.21997,1
1059,844.42999,876.07001,1
1060,882.71002,909.70001,1
1061,906.47998,888.66998,1
1062,892.16998,899.23999,1
1063,898.34998,873.59003,1
1064,871.78998,879.72998,1
1065,881.07001,868.57001,1
1066,871.53003,913.17999,1
1067,908.15997,904.41998,1
1068,905.97998,885.28003,1
1069,886.96002,887.88001,1
1070,887.20001,871.63001,1
1071,874.31,863.15997,1
1072,863.87,868.15002,1
1073,869.51001,872.79999,1
1074,872.37,869.41998,1
1075,870.58002,890.64002,1
1076,890.59003,903.25,1
1077,902.98999,931.79999,1
1078,929.16998,927.45001,1
1079,931.16998,934.70001,1
1080,927.45001,906.65002,1
1081,905.72998,909.72998,1
1082,909.90997,890.34998,1
1083,890.40002,870.26001,1
1084,869.78998,871.78998,1
1085,867.28003,842.62,1
1086,841.98999,843.73999,1
1087,844.45001,850.12,1
1088,849.64002,805.21997,1
1089,806.77002,840.23999,1
1090,839.73999,827.5,1
1091,822.15997,831.95001,1
1092,832.5,836.57001,1
1093,837.29999,845.71002,1
1094,845.72998,874.09003,1
1095,868.89002,845.14002,1
1096,845.69,825.88001,1
1097,823.09003,825.44,1
1098,825.69,838.51001,1
1099,837.77002,832.22998,1
1100,831.75,845.84998,1
1101,846.09003,868.59998,1
1102,868.23999,869.89002,1
1103,866.87,827.15997,1
1104,827.40997,833.73999,1
1105,829.90997,835.19,1
1106,833.95001,826.84003,1
1107,818.60999,789.16998,1
1108,791.06,788.41998,1
1109,787.90997,778.94,1
1110,775.87,770.04999,1
1111,773.25,743.33002,1
1112,744.69,773.14002,1
1113,770.64002,764.90002,1
1114,765.76001,752.83002,1
1115,749.92999,735.09003,1
1116,729.57001,700.82001,1
1117,704.44,696.33002,1
1118,698.59998,712.87,1
1119,708.27002,682.54999,1
1120,684.03998,683.38001,1
1121,680.76001,676.53003,1
1122,679.28003,719.59998,1
1123,719.59003,721.35999,1
1124,720.89002,750.73999,1
1125,751.96997,756.54999,1
1126,758.84003,753.89002,1
1127,753.88001,778.12,1
1128,776.01001,794.34998,1
1129,797.91998,784.03998,1
1130,784.58002,768.53998,1
1131,772.31,822.91998,1
1132,820.59998,806.12,1
1133,806.81,813.88001,1
1134,814.06,832.85999,1
1135,828.67999,815.94,1
1136,809.07001,787.53003,1
1137,790.88001,797.87,1
1138,793.59003,811.08002,1
1139,814.53003,834.38001,1
1140,835.13001,842.5,1
1141,839.75,835.47998,1
1142,834.12,815.54999,1
1143,816.76001,825.15997,1
1144,829.28998,856.56,1
1145,855.33002,858.72998,1
1146,856.88001,841.5,1
1147,839.44,852.06,1
1148,854.53998,865.29999,1
1149,865.17999,869.59998,1
1150,868.27002,832.39002,1
1151,831.25,850.08002,1
1152,847.26001,843.54999,1
1153,844.62,851.91998,1
1154,853.90997,866.22998,1
1155,862.82001,857.51001,1
1156,854.47998,855.15997,1
1157,856.84998,873.64002,1
1158,876.59003,872.81,1
1159,872.73999,877.52002,1
1160,879.21002,907.23999,1
1161,906.09998,903.79999,1
1162,903.95001,919.53003,1
1163,919.58002,907.39002,1
1164,909.03003,929.22998,1
1165,922.98999,909.23999,1
1166,910.52002,908.34998,1
1167,905.40002,883.91998,1
1168,884.23999,893.07001,1
1169,892.76001,882.88001,1
1170,886.07001,909.71002,1
1171,909.66998,908.13001,1
1172,908.62,903.46997,1
1173,900.41998,888.33002,1
1174,888.67999,887,1
1175,887,910.33002,1
1176,909.95001,893.06,1
1177,892.96002,906.83002,1
1178,907.02002,919.14002,1
1179,923.26001,942.87,1
1180,942.87,944.73999,1
1181,942.51001,931.76001,1
1182,932.48999,942.46002,1
1183,945.66998,940.09003,1
1184,938.12,939.14002,1
1185,940.34998,942.42999,1
1186,942.72998,939.15002,1
1187,939.03998,944.89002,1
1188,943.44,946.21002,1
1189,942.45001,923.71997,1
1190,925.59998,911.96997,1
1191,911.89002,910.71002,1
1192,910.85999,918.37,1
1193,919.96002,921.22998,1
1194,918.13001,893.03998,1
1195,893.46002,895.09998,1
1196,896.31,900.94,1
1197,899.45001,920.26001,1
1198,918.84003,918.90002,1
1199,919.85999,927.22998,1
1200,927.15002,919.32001,1
1201,920.82001,923.33002,1
1202,921.23999,896.41998,1
1203,894.27002,898.71997,1
1204,898.59998,881.03003,1
1205,881.90002,879.56,1
1206,881.28003,882.67999,1
1207,880.03003,879.13001,1
1208,879.57001,901.04999,1
1209,900.77002,905.84003,1
1210,910.15002,932.67999,1
1211,930.16998,940.73999,1
1212,940.56,940.38001,1
1213,942.07001,951.13001,1
1214,951.96997,954.58002,1
1215,953.40002,954.07001,1
1216,954.07001,976.28998,1
1217,972.15997,979.26001,1
1218,978.63001,982.17999,1
1219,981.47998,979.62,1
1220,977.65997,975.15002,1
1221,976.01001,986.75,1
1222,986.79999,987.47998,1
1223,990.21997,1002.63001,1
1224,1001.40997,1005.65002,1
1225,1005.40997,1002.71997,1
1226,1004.06,997.08002,1
1227,999.83002,1010.47998,1
1228,1008.89002,1007.09998,1
1229,1005.77002,994.34998,1
1230,994,1005.81,1
1231,1005.85999,1012.72998,1
1232,1012.22998,1004.09003,1
1233,998.17999,979.72998,1
1234,980.62,989.66998,1
1235,986.88001,996.46002,1
1236,996.40997,1007.37,1
1237,1009.06,1026.13001,1
1238,1026.58997,1025.56995,1
1239,1026.63001,1028,1
1240,1027.34998,1028.12,1
1241,1027.81006,1030.97998,1
1242,1031.62,1028.93005,1
1243,1025.20996,1020.62,1
1244,1019.52002,998.03998,1
1245,996.07001,994.75,1
1246,996.12,1003.23999,1
1247,1003.84003,1016.40002,1
1248,1018.66998,1025.39002,1
1249,1025.35999,1033.37,1
1250,1032.98999,1044.14002,1
1251,1043.92004,1042.72998,1
1252,1040.15002,1049.33997,1
1253,1049.03003,1052.63001,1
1254,1053.98999,1068.76001,1
1255,1067.87,1065.48999,1
1256,1066.59998,1068.30005,1
1257,1067.14002,1064.66003,1
1258,1066.34998,1071.66003,1
1259,1072.68994,1060.87,1
1260,1062.56006,1050.78003,1
1261,1049.47998,1044.38001,1
1262,1045.38001,1062.97998,1
1263,1063.68994,1060.60999,1
1264,1061.02002,1057.07996,1
1265,1054.91003,1029.84998,1
1266,1029.70996,1025.20996,1
1267,1026.87,1040.45996,1
1268,1042.02002,1054.71997,1
1269,1053.65002,1057.57996,1
1270,1060.03003,1065.47998,1
1271,1065.28003,1071.48999,1
1272,1071.63001,1076.18994,1
1273,1074.95996,1073.18994,1
1274,1078.68005,1092.02002,1
1275,1090.35999,1096.56006,1
1276,1094.67004,1087.68005,1
1277,1088.21997,1097.91003,1
1278,1098.64002,1091.06006,1
1279,1090.35999,1081.40002,1
1280,1080.95996,1092.91003,1
1281,1095.62,1079.59998,1
1282,1080.35999,1066.94995,1
1283,1067.54004,1063.41003,1
1284,1061.51001,1042.63001,1
1285,1043.68994,1066.10999,1
1286,1065.41003,1036.18994,1
1287,1036.18005,1042.88001,1
1288,1040.92004,1045.41003,1
1289,1047.14002,1046.5,1
1290,1047.30005,1066.63001,1
1291,1064.94995,1069.30005,1
1292,1072.31006,1093.07996,1
1293,1091.85999,1093.01001,1
1294,1096.04004,1098.51001,1
1295,1098.31006,1087.23999,1
1296,1087.58997,1093.47998,1
1297,1094.13001,1109.30005,1
1298,1109.21997,1110.31995,1
1299,1109.43994,1109.80005,1
1300,1106.43994,1094.90002,1
1301,1094.66003,1091.38001,1
1302,1094.85999,1106.23999,1
1303,1105.82996,1105.65002,1
1304,1106.48999,1110.63001,1
1305,1105.46997,1091.48999,1
1306,1091.06995,1095.63001,1
1307,1098.89002,1108.85999,1
1308,1109.03003,1109.23999,1
1309,1110.58997,1099.92004,1
1310,1100.43005,1105.97998,1
1311,1105.52002,1103.25,1
1312,1103.04004,1091.93994,1
1313,1091.06995,1095.94995,1
1314,1098.68994,1102.34998,1
1315,1103.95996,1106.41003,1
1316,1107.83997,1114.10999,1
1317,1114.10999,1107.93005,1
1318,1108.60999,1109.18005,1
1319,1106.35999,1096.07996,1
1320,1097.85999,1102.46997,1
1321,1105.31006,1114.05005,1
1322,1114.51001,1118.02002,1
1323,1118.83997,1120.58997,1
1324,1121.07996,1126.47998,1
1325,1127.53003,1127.78003,1
1326,1128.55005,1126.19995,1
1327,1125.53003,1126.42004,1
1328,1126.59998,1115.09998,1
1329,1116.56006,1132.98999,1
1330,1132.66003,1136.52002,1
1331,1135.70996,1137.14002,1
1332,1136.27002,1141.68994,1
1333,1140.52002,1144.97998,1
1334,1145.95996,1146.97998,1
1335,1143.81006,1136.21997,1
1336,1137.31006,1145.68005,1
1337,1145.68005,1148.45996,1
1338,1147.71997,1136.03003,1
1339,1136.03003,1150.22998,1
1340,1147.94995,1138.04004,1
1341,1138.68005,1116.47998,1
1342,1115.48999,1091.76001,1
1343,1092.40002,1096.78003,1
1344,1095.80005,1092.17004,1
1345,1091.93994,1097.5,1
1346,1096.93005,1084.53003,1
1347,1087.60999,1073.87,1
1348,1073.89002,1089.18994,1
1349,1090.05005,1103.31995,1
1350,1100.67004,1097.28003,1
1351,1097.25,1063.10999,1
1352,1064.12,1066.18994,1
1353,1065.51001,1056.73999,1
1354,1060.06006,1070.52002,1
1355,1069.68005,1068.13001,1
1356,1067.09998,1078.46997,1
1357,1075.94995,1075.51001,1
1358,1079.13001,1094.87,1
1359,1096.14002,1099.51001,1
1360,1099.03003,1106.75,1
1361,1105.48999,1109.17004,1
1362,1110,1108.01001,1
1363,1107.48999,1094.59998,1
1364,1095.89002,1105.23999,1
1365,1101.23999,1102.93994,1
1366,1103.09998,1104.48999,1
1367,1105.35999,1115.70996,1
1368,1117.01001,1118.31006,1
1369,1119.35999,1118.79004,1
1370,1119.12,1122.96997,1
1371,1125.12,1138.69995,1
1372,1138.40002,1138.5,1
1373,1137.56006,1140.44995,1
1374,1140.21997,1145.60999,1
1375,1143.95996,1150.23999,1
1376,1151.70996,1149.98999,1
1377,1148.53003,1150.51001,1
1378,1150.82996,1159.45996,1
1379,1159.93994,1166.20996,1
1380,1166.13001,1165.82996,1
1381,1166.68005,1159.90002,1
1382,1157.25,1165.81006,1
1383,1166.46997,1174.17004,1
1384,1172.69995,1167.71997,1
1385,1170.03003,1165.72998,1
1386,1167.57996,1166.58997,1
1387,1167.70996,1173.21997,1
1388,1173.75,1173.27002,1
1389,1171.75,1169.43005,1
1390,1171.22998,1178.09998,1
1391,1178.70996,1187.43994,1
1392,1186.01001,1189.43994,1
1393,1188.22998,1182.44995,1
1394,1181.75,1186.43994,1
1395,1187.46997,1194.37,1
1396,1194.93994,1196.47998,1
1397,1195.93994,1197.30005,1
1398,1198.68994,1210.65002,1
1399,1210.77002,1211.67004,1
1400,1210.17004,1192.13001,1
1401,1192.06006,1197.52002,1
1402,1199.04004,1207.17004,1
1403,1207.16003,1205.93994,1
1404,1202.52002,1208.67004,1
1405,1207.87,1217.28003,1
1406,1217.06995,1212.05005,1
1407,1209.92004,1183.70996,1
1408,1184.58997,1191.35999,1
1409,1193.30005,1206.78003,1
1410,1206.77002,1186.68994,1
1411,1188.57996,1202.26001,1
1412,1197.5,1173.59998,1
1413,1169.23999,1165.87,1
1414,1164.38001,1128.15002,1
1415,1127.04004,1110.88001,1
1416,1122.27002,1159.72998,1
1417,1156.39002,1155.79004,1
1418,1155.43005,1171.67004,1
1419,1170.04004,1157.43994,1
1420,1157.18994,1135.68005,1
1421,1136.52002,1136.93994,1
1422,1138.78003,1120.80005,1
1423,1119.56995,1115.05005,1
1424,1107.33997,1071.58997,1
1425,1067.26001,1087.68994,1
1426,1084.78003,1073.65002,1
1427,1067.42004,1074.03003,1
1428,1075.51001,1067.94995,1
1429,1074.27002,1103.06006,1
1430,1102.58997,1089.41003,1
1431,1087.30005,1070.70996,1
1432,1073.01001,1098.38001,1
1433,1098.81995,1102.82996,1
1434,1098.43005,1064.88001,1
1435,1065.83997,1050.46997,1
1436,1050.81006,1062,1
1437,1062.75,1055.68994,1
1438,1058.77002,1086.83997,1
1439,1082.65002,1091.59998,1
1440,1095,1089.63001,1
1441,1091.20996,1115.22998,1
1442,1114.02002,1114.60999,1
1443,1115.97998,1116.04004,1
1444,1116.16003,1117.51001,1
1445,1122.79004,1113.19995,1
1446,1113.90002,1095.31006,1
1447,1095.56995,1092.04004,1
1448,1090.93005,1073.68994,1
1449,1075.09998,1076.76001,1
1450,1077.5,1074.56995,1
1451,1071.09998,1041.23999,1
1452,1040.56006,1030.70996,1
1453,1031.09998,1027.37,1
1454,1027.65002,1022.58002,1
1455,1028.08997,1028.06006,1
1456,1028.54004,1060.27002,1
1457,1062.92004,1070.25,1
1458,1070.5,1077.95996,1
1459,1077.22998,1078.75,1
1460,1080.65002,1095.33997,1
1461,1095.60999,1095.17004,1
1462,1094.45996,1096.47998,1
1463,1093.84998,1064.88001,1
1464,1066.84998,1071.25,1
1465,1064.53003,1083.47998,1
1466,1086.67004,1069.58997,1
1467,1072.14002,1093.67004,1
1468,1092.17004,1102.66003,1
1469,1102.89002,1115.01001,1
1470,1117.35999,1113.83997,1
1471,1112.83997,1106.13001,1
1472,1108.06995,1101.53003,1
1473,1098.43994,1101.59998,1
1474,1107.53003,1125.85999,1
1475,1125.33997,1120.45996,1
1476,1121.06006,1127.23999,1
1477,1125.78003,1125.81006,1
1478,1122.06995,1121.64002,1
1479,1122.80005,1127.79004,1
1480,1122.92004,1121.06006,1
1481,1116.89002,1089.46997,1
1482,1081.47998,1083.60999,1
1483,1082.21997,1079.25,1
1484,1077.48999,1079.38001,1
1485,1081.16003,1092.54004,1
1486,1092.07996,1094.16003,1
1487,1092.43994,1075.63001,1
1488,1075.63001,1071.68994,1
1489,1073.35999,1067.35999,1
1490,1063.19995,1051.87,1
1491,1048.97998,1055.32996,1
1492,1056.28003,1047.21997,1
1493,1049.27002,1064.58997,1
1494,1062.90002,1048.92004,1
1495,1046.88001,1049.32996,1
1496,1049.71997,1080.29004,1
1497,1080.66003,1090.09998,1
1498,1093.60999,1104.51001,1
1499,1102.59998,1091.83997,1
1500,1092.35999,1098.87,1
1501,1101.15002,1104.18005,1
1502,1104.56995,1109.55005,1
1503,1113.38001,1121.90002,1
1504,1121.16003,1121.09998,1
1505,1119.43005,1125.06995,1
1506,1123.89002,1124.66003,1
1507,1126.39002,1125.58997,1
1508,1126.56995,1142.70996,1
1509,1142.81995,1139.78003,1
1510,1139.48999,1134.28003,1
1511,1131.09998,1124.82996,1
1512,1131.68994,1148.67004,1
1513,1148.64002,1142.16003,1
1514,1142.31006,1147.69995,1
1515,1146.75,1144.72998,1
1516,1145.96997,1141.19995,1
1517,1143.48999,1146.23999,1
1518,1144.95996,1137.03003,1
1519,1140.68005,1160.75,1
1520,1159.81006,1159.96997,1
1521,1161.56995,1158.06006,1
1522,1158.35999,1165.15002,1
1523,1165.31995,1165.31995,0
1524,1164.28003,1169.77002,1
1525,1171.31995,1178.09998,1
1526,1177.81995,1173.81006,1
1527,1177.46997,1176.18994,1
1528,1176.82996,1184.70996,1
1529,1178.64002,1165.90002,1
1530,1166.73999,1178.17004,1
1531,1179.81995,1180.26001,1
1532,1180.52002,1183.07996,1
1533,1184.73999,1185.62,1
1534,1184.88001,1185.64002,1
1535,1183.83997,1182.44995,1
1536,1184.46997,1183.78003,1
1537,1183.87,1183.26001,1
1538,1185.70996,1184.38001,1
1539,1187.85999,1193.56995,1
1540,1193.79004,1197.95996,1
1541,1198.33997,1221.06006,1
1542,1221.19995,1225.84998,1
1543,1223.23999,1223.25,1
1544,1223.58997,1213.40002,1
1545,1213.14002,1218.70996,1
1546,1213.04004,1213.54004,1
1547,1209.06995,1199.20996,1
1548,1200.43994,1197.75,1
1549,1194.79004,1178.33997,1
1550,1178.32996,1178.58997,1
1551,1183.75,1196.68994,1
1552,1196.12,1199.72998,1
1553,1198.06995,1197.83997,1
1554,1192.51001,1180.72998,1
1555,1183.69995,1198.34998,1
1556,1194.16003,1189.40002,1
1557,1189.07996,1187.76001,1
1558,1182.95996,1180.55005,1
1559,1186.59998,1206.06995,1
1560,1206.81006,1221.53003,1
1561,1219.93005,1224.70996,1
1562,1223.87,1223.12,1
1563,1227.25,1223.75,1
1564,1225.02002,1228.28003,1
1565,1230.14002,1233,1
1566,1233.84998,1240.40002,1
1567,1242.52002,1240.45996,1
1568,1241.83997,1241.58997,1
1569,1241.57996,1235.22998,1
1570,1236.33997,1242.87,1
1571,1243.63001,1243.91003,1
1572,1245.76001,1247.07996,1
1573,1249.43005,1254.59998,1
1574,1254.93994,1258.83997,1
1575,1257.53003,1256.77002,1
1576,1254.66003,1257.54004,1
1577,1259.09998,1258.51001,1
1578,1258.78003,1259.78003,1
1579,1259.43994,1257.88001,1
1580,1256.76001,1257.64002,1
1581,1257.62,1271.87,1
1582,1272.94995,1270.19995,1
1583,1268.78003,1276.56006,1
1584,1276.29004,1273.84998,1
1585,1274.41003,1271.5,1
1586,1270.83997,1269.75,1
1587,1272.57996,1274.47998,1
1588,1275.65002,1285.95996,1
1589,1285.78003,1283.76001,1
1590,1282.90002,1293.23999,1
1591,1293.21997,1295.02002,1
1592,1294.52002,1281.92004,1
1593,1280.84998,1280.26001,1
1594,1283.63001,1283.34998,1
1595,1283.29004,1290.83997,1
1596,1288.17004,1291.18005,1
1597,1291.96997,1296.63001,1
1598,1297.51001,1299.54004,1
1599,1299.63001,1276.33997,1
1600,1276.5,1286.12,1
1601,1289.14002,1307.58997,1
1602,1305.91003,1304.03003,1
1603,1302.77002,1307.09998,1
1604,1307.01001,1310.87,1
1605,1311.84998,1319.05005,1
1606,1318.76001,1324.56995,1
1607,1322.47998,1320.88001,1
1608,1318.13001,1321.87,1
1609,1318.66003,1329.15002,1
1610,1328.72998,1332.31995,1
1611,1330.43005,1328.01001,1
1612,1329.51001,1336.31995,1
1613,1334.37,1340.43005,1
1614,1340.38001,1343.01001,1
1615,1338.91003,1315.43994,1
1616,1315.43994,1307.40002,1
1617,1307.08997,1306.09998,1
1618,1307.33997,1319.88001,1
1619,1321.60999,1327.21997,1
1620,1328.64002,1306.32996,1
1621,1305.46997,1308.43994,1
1622,1312.37,1330.96997,1
1623,1330.72998,1321.15002,1
1624,1322.71997,1310.13001,1
1625,1311.05005,1321.81995,1
1626,1319.92004,1320.02002,1
1627,1315.71997,1295.10999,1
1628,1293.43005,1304.28003,1
1629,1301.18994,1296.39002,1
1630,1288.45996,1281.87,1
1631,1279.45996,1256.88001,1
1632,1261.60999,1273.71997,1
1633,1276.70996,1279.20996,1
1634,1281.65002,1298.38001,1
1635,1298.29004,1293.77002,1
1636,1292.18994,1297.54004,1
1637,1300.60999,1309.66003,1
1638,1311.80005,1313.80005,1
1639,1315.44995,1310.18994,1
1640,1309.37,1319.43994,1
1641,1321.89002,1328.26001,1
1642,1327.43994,1325.82996,1
1643,1329.47998,1332.41003,1
1644,1333.56006,1332.87,1
1645,1332.03003,1332.63001,1
1646,1335.93994,1335.54004,1
1647,1334.81995,1333.51001,1
1648,1336.16003,1328.17004,1
1649,1329.01001,1324.45996,1
1650,1321.95996,1314.16003,1
1651,1314.03003,1314.41003,1
1652,1311.13001,1314.52002,1
1653,1314.54004,1319.68005,1
1654,1313.34998,1305.14002,1
1655,1305.98999,1312.62,1
1656,1319.12,1330.35999,1
1657,1333.22998,1337.38001,1
1658,1337.14002,1335.25,1
1659,1336.75,1347.23999,1
1660,1348.43005,1355.66003,1
1661,1353.85999,1360.47998,1
1662,1360.14002,1363.60999,1
1663,1365.20996,1361.21997,1
1664,1359.76001,1356.62,1
1665,1355.90002,1347.31995,1
1666,1344.16003,1335.09998,1
1667,1340.23999,1340.19995,1
1668,1340.19995,1346.29004,1
1669,1348.33997,1357.16003,1
1670,1354.51001,1342.07996,1
1671,1339.39002,1348.65002,1
1672,1348.68994,1337.77002,1
1673,1334.77002,1329.46997,1
1674,1326.09998,1328.97998,1
1675,1328.54004,1340.68005,1
1676,1342.40002,1343.59998,1
1677,1342,1333.27002,1
1678,1333.06995,1317.37,1
1679,1317.69995,1316.28003,1
1680,1316.35999,1320.46997,1
1681,1320.64002,1325.68994,1
1682,1325.68994,1331.09998,1
1683,1331.09998,1345.19995,1
1684,1345.19995,1314.55005,1
1685,1314.55005,1312.93994,1
1686,1312.93994,1300.16003,1
1687,1300.26001,1286.17004,1
1688,1286.31006,1284.93994,1
1689,1284.63001,1279.56006,1
1690,1279.63001,1289,1
1691,1288.59998,1270.97998,1
1692,1271.31006,1271.82996,1
1693,1272.21997,1287.87,1
1694,1287.87,1265.42004,1
1695,1265.53003,1267.64002,1
1696,1268.57996,1271.5,1
1697,1271.5,1278.35999,1
1698,1278.40002,1295.52002,1
1699,1295.47998,1287.14002,1
1700,1286.59998,1283.5,1
1701,1283.04004,1268.44995,1
1702,1268.43994,1280.09998,1
1703,1280.20996,1296.67004,1
1704,1296.84998,1307.41003,1
1705,1307.64002,1320.64002,1
1706,1320.64002,1339.67004,1
1707,1339.58997,1337.88001,1
1708,1337.56006,1339.21997,1
1709,1339.62,1353.21997,1
1710,1352.39002,1343.80005,1
1711,1343.31006,1319.48999,1
1712,1319.60999,1313.64002,1
1713,1314.44995,1317.71997,1
1714,1317.73999,1308.87,1
1715,1308.87,1316.14002,1
1716,1315.93994,1305.43994,1
1717,1307.06995,1326.72998,1
1718,1328.66003,1325.83997,1
1719,1325.65002,1343.80005,1
1720,1343.80005,1345.02002,1
1721,1344.31995,1337.43005,1
1722,1337.39002,1331.93994,1
1723,1331.91003,1304.89002,1
1724,1304.83997,1300.67004,1
1725,1300.12,1292.28003,1
1726,1292.58997,1286.93994,1
1727,1286.56006,1254.05005,1
1728,1254.25,1260.33997,1
1729,1260.22998,1200.06995,1
1730,1200.28003,1199.38001,1
1731,1198.47998,1119.45996,1
1732,1120.22998,1172.53003,1
1733,1171.77002,1120.76001,1
1734,1121.30005,1172.64002,1
1735,1172.87,1178.81006,1
1736,1178.85999,1204.48999,1
1737,1204.21997,1192.76001,1
1738,1192.89002,1193.89002,1
1739,1189.62,1140.65002,1
1740,1140.46997,1123.53003,1
1741,1123.55005,1123.81995,1
1742,1124.35999,1162.34998,1
1743,1162.16003,1177.59998,1
1744,1176.68994,1159.27002,1
1745,1158.84998,1176.80005,1
1746,1177.91003,1210.07996,1
1747,1209.76001,1212.92004,1
1748,1213,1218.89002,1
1749,1219.12,1204.42004,1
1750,1203.90002,1173.96997,1
1751,1173.96997,1165.23999,1
1752,1165.84998,1198.62,1
1753,1197.97998,1185.90002,1
1754,1185.37,1154.22998,1
1755,1153.5,1162.27002,1
1756,1162.58997,1172.87,1
1757,1173.31995,1188.68005,1
1758,1189.43994,1209.10999,1
1759,1209.20996,1216.01001,1
1760,1214.98999,1204.08997,1
1761,1204.5,1202.08997,1
1762,1203.63001,1166.76001,1
1763,1164.55005,1129.56006,1
1764,1128.81995,1136.43005,1
1765,1136.91003,1162.94995,1
1766,1163.31995,1175.38001,1
1767,1175.39002,1151.06006,1
1768,1151.73999,1160.40002,1
1769,1159.93005,1131.42004,1
1770,1131.20996,1099.22998,1
1771,1097.42004,1123.94995,1
1772,1124.03003,1144.03003,1
1773,1144.10999,1164.96997,1
1774,1165.03003,1155.45996,1
1775,1158.15002,1194.89002,1
1776,1194.59998,1195.54004,1
1777,1196.18994,1207.25,1
1778,1206.95996,1203.66003,1
1779,1205.65002,1224.57996,1
1780,1224.46997,1200.85999,1
1781,1200.75,1225.38001,1
1782,1223.45996,1209.88001,1
1783,1209.92004,1215.39002,1
1784,1215.39002,1238.25,1
1785,1238.71997,1254.18994,1
1786,1254.18994,1229.05005,1
1787,1229.17004,1242,1
1788,1243.96997,1284.58997,1
1789,1284.39002,1285.08997,1
1790,1284.95996,1253.30005,1
1791,1251,1218.28003,1
1792,1219.62,1237.90002,1
1793,1238.25,1261.15002,1
1794,1260.81995,1253.22998,1
1795,1253.20996,1261.12,1
1796,1261.12,1275.92004,1
1797,1275.18005,1229.09998,1
1798,1229.58997,1239.69995,1
1799,1240.12,1263.84998,1
1800,1263.84998,1251.78003,1
1801,1251.69995,1257.81006,1
1802,1257.81006,1236.91003,1
1803,1236.56006,1216.13001,1
1804,1216.18994,1215.65002,1
1805,1215.62,1192.97998,1
1806,1192.97998,1188.04004,1
1807,1187.47998,1161.79004,1
1808,1161.41003,1158.67004,1
1809,1158.67004,1192.55005,1
1810,1192.56006,1195.18994,1
1811,1196.71997,1246.95996,1
1812,1246.91003,1244.57996,1
1813,1246.03003,1244.28003,1
1814,1244.32996,1257.07996,1
1815,1257.18994,1258.46997,1
1816,1258.14002,1261.01001,1
1817,1260.87,1234.34998,1
1818,1234.47998,1255.18994,1
1819,1255.05005,1236.46997,1
1820,1236.82996,1225.72998,1
1821,1225.72998,1211.81995,1
1822,1212.12,1215.75,1
1823,1216.08997,1219.66003,1
1824,1219.73999,1205.34998,1
1825,1205.71997,1241.30005,1
1826,1241.25,1243.71997,1
1827,1243.71997,1254,1
1828,1254,1265.32996,1
1829,1265.02002,1265.43005,1
1830,1265.38001,1249.64002,1
1831,1249.75,1263.02002,1
1832,1262.81995,1257.59998,1
1833,1258.85999,1277.06006,1
1834,1277.03003,1277.30005,1
1835,1277.30005,1281.06006,1
1836,1280.93005,1277.81006,1
1837,1277.82996,1280.69995,1
1838,1280.77002,1292.07996,1
1839,1292.02002,1292.47998,1
1840,1292.47998,1295.5,1
1841,1294.81995,1289.08997,1
1842,1290.21997,1293.67004,1
1843,1293.65002,1308.04004,1
1844,1308.06995,1314.5,1
1845,1314.48999,1315.38001,1
1846,1315.29004,1316,1
1847,1315.95996,1314.65002,1
1848,1314.40002,1326.06006,1
1849,1326.28003,1318.43005,1
1850,1318.25,1316.32996,1
1851,1316.16003,1313.01001,1
1852,1313.53003,1312.41003,1
1853,1312.44995,1324.08997,1
1854,1324.23999,1325.54004,1
1855,1326.20996,1344.90002,1
1856,1344.31995,1344.32996,1
1857,1344.32996,1347.05005,1
1858,1347.04004,1349.95996,1
1859,1349.96997,1351.94995,1
1860,1351.20996,1342.64002,1
1861,1343.06006,1351.77002,1
1862,1351.30005,1350.5,1
1863,1350.52002,1343.22998,1
1864,1342.60999,1358.04004,1
1865,1358.06006,1361.22998,1
1866,1361.21997,1362.20996,1
1867,1362.10999,1357.66003,1
1868,1357.53003,1363.45996,1
1869,1363.45996,1365.73999,1
1870,1365.19995,1367.58997,1
1871,1367.56006,1372.18005,1
1872,1372.19995,1365.68005,1
1873,1365.90002,1374.08997,1
1874,1374.08997,1369.63001,1
1875,1369.58997,1364.32996,1
1876,1363.63001,1343.35999,1
1877,1343.39002,1352.63001,1
1878,1352.65002,1365.91003,1
1879,1365.96997,1370.87,1
1880,1370.78003,1371.08997,1
1881,1371.92004,1395.94995,1
1882,1395.94995,1394.28003,1
1883,1394.17004,1402.59998,1
1884,1402.55005,1404.17004,1
1885,1404.17004,1409.75,1
1886,1409.58997,1405.52002,1
1887,1405.52002,1402.89002,1
1888,1402.89002,1392.78003,1
1889,1392.78003,1397.10999,1
1890,1397.10999,1416.51001,1
1891,1416.55005,1412.52002,1
1892,1412.52002,1405.54004,1
1893,1405.39002,1403.28003,1
1894,1403.31006,1408.46997,1
1895,1408.46997,1419.04004,1
1896,1418.97998,1413.38001,1
1897,1413.08997,1398.95996,1
1898,1398.79004,1398.07996,1
1899,1397.44995,1382.19995,1
1900,1382.18005,1358.58997,1
1901,1358.97998,1368.70996,1
1902,1368.77002,1387.56995,1
1903,1387.60999,1370.26001,1
1904,1370.27002,1369.56995,1
1905,1369.56995,1390.78003,1
1906,1390.78003,1385.14002,1
1907,1385.07996,1376.92004,1
1908,1376.95996,1378.53003,1
1909,1378.53003,1366.93994,1
1910,1366.96997,1371.96997,1
1911,1372.10999,1390.68994,1
1912,1390.64002,1399.97998,1
1913,1400.18994,1403.35999,1
1914,1403.26001,1397.91003,1
1915,1397.85999,1405.81995,1
1916,1405.5,1402.31006,1
1917,1402.31995,1391.56995,1
1918,1391.51001,1369.09998,1
1919,1368.79004,1369.57996,1
1920,1369.16003,1363.71997,1
1921,1363.19995,1354.57996,1
1922,1354.57996,1357.98999,1
1923,1358.10999,1353.39002,1
1924,1351.93005,1338.34998,1
1925,1338.35999,1330.66003,1
1926,1330.78003,1324.80005,1
1927,1324.81995,1304.85999,1
1928,1305.05005,1295.21997,1
1929,1295.72998,1315.98999,1
1930,1316.08997,1316.63001,1
1931,1316.02002,1318.85999,1
1932,1318.71997,1320.68005,1
1933,1320.81006,1317.81995,1
1934,1318.90002,1332.42004,1
1935,1331.25,1313.31995,1
1936,1313.08997,1310.32996,1
1937,1309.87,1278.04004,1
1938,1278.29004,1278.18005,1
1939,1277.81995,1285.5,1
1940,1285.60999,1315.13001,1
1941,1316.15002,1314.98999,1
1942,1314.98999,1325.66003,1
1943,1325.71997,1308.93005,1
1944,1309.40002,1324.18005,1
1945,1324.02002,1314.88001,1
1946,1314.88001,1329.09998,1
1947,1329.18994,1342.83997,1
1948,1342.42004,1344.78003,1
1949,1344.82996,1357.97998,1
1950,1358.04004,1355.68994,1
1951,1355.43005,1325.51001,1
1952,1325.92004,1335.02002,1
1953,1334.90002,1313.71997,1
1954,1314.08997,1319.98999,1
1955,1320.70996,1331.84998,1
1956,1331.52002,1329.04004,1
1957,1330.12,1362.16003,1
1958,1362.32996,1365.51001,1
1959,1365.75,1374.02002,1
1960,1373.71997,1367.57996,1
1961,1367.08997,1354.68005,1
1962,1354.66003,1352.45996,1
1963,1352.95996,1341.46997,1
1964,1341.40002,1341.44995,1
1965,1341.29004,1334.76001,1
1966,1334.81006,1356.78003,1
1967,1356.5,1353.64002,1
1968,1353.68005,1363.67004,1
1969,1363.57996,1372.78003,1
1970,1373.01001,1376.51001,1
1971,1376.51001,1362.66003,1
1972,1362.33997,1350.52002,1
1973,1350.52002,1338.31006,1
1974,1338.34998,1337.89002,1
1975,1338.17004,1360.02002,1
1976,1360.05005,1385.96997,1
1977,1385.93994,1385.30005,1
1978,1385.27002,1379.31995,1
1979,1379.31995,1375.31995,1
1980,1375.13001,1365,1
1981,1365.44995,1390.98999,1
1982,1391.04004,1394.22998,1
1983,1394.45996,1401.34998,1
1984,1401.22998,1402.21997,1
1985,1402.26001,1402.80005,1
1986,1402.57996,1405.87,1
1987,1405.87,1404.10999,1
1988,1404.35999,1403.93005,1
1989,1403.89002,1405.53003,1
1990,1405.56995,1415.51001,1
1991,1415.83997,1418.16003,1
1992,1417.84998,1418.13001,1
1993,1418.13001,1413.17004,1
1994,1413.08997,1413.48999,1
1995,1413.48999,1402.07996,1
1996,1401.98999,1411.13001,1
1997,1411.13001,1410.43994,1
1998,1410.43994,1409.30005,1
1999,1409.31995,1410.48999,1
2000,1410.07996,1399.47998,1
2001,1400.06995,1406.57996,1
2002,1406.54004,1404.93994,1
2003,1404.93994,1403.43994,1
2004,1403.73999,1432.12,1
2005,1432.12,1437.92004,1
2006,1437.92004,1429.07996,1
2007,1429.13001,1433.56006,1
2008,1433.56006,1436.56006,1
2009,1436.56006,1459.98999,1
2010,1460.06995,1465.77002,1
2011,1465.42004,1461.18994,1
2012,1461.18994,1459.31995,1
2013,1459.5,1461.05005,1
2014,1461.05005,1460.26001,1
2015,1460.33997,1460.15002,1
2016,1459.76001,1456.89002,1
2017,1456.93994,1441.58997,1
2018,1441.59998,1433.31995,1
2019,1433.35999,1447.15002,1
2020,1447.13001,1440.67004,1
2021,1440.90002,1444.48999,1
2022,1444.98999,1445.75,1
2023,1446.05005,1450.98999,1
2024,1451.07996,1461.40002,1
2025,1461.40002,1460.93005,1
2026,1460.93005,1455.88001,1
2027,1455.90002,1441.47998,1
2028,1441.47998,1432.56006,1
2029,1432.81995,1432.83997,1
2030,1432.83997,1428.58997,1
2031,1428.75,1440.13001,1
2032,1440.31006,1454.92004,1
2033,1454.21997,1460.91003,1
2034,1460.93994,1457.33997,1
2035,1457.33997,1433.18994,1
2036,1433.20996,1433.81995,1
2037,1433.73999,1413.10999,1
2038,1413.19995,1408.75,1
2039,1409.73999,1412.96997,1
2040,1412.96997,1411.93994,1
2041,1410.98999,1412.16003,1
2042,1412.19995,1427.58997,1
2043,1427.58997,1414.19995,1
2044,1414.02002,1417.26001,1
2045,1417.26001,1428.39002,1
2046,1428.27002,1394.53003,1
2047,1394.53003,1377.51001,1
2048,1377.55005,1379.84998,1
2049,1379.85999,1380.03003,1
2050,1380.03003,1374.53003,1
2051,1374.64002,1355.48999,1
2052,1355.41003,1353.32996,1
2053,1353.35999,1359.88001,1
2054,1359.88001,1386.89002,1
2055,1386.81995,1387.81006,1
2056,1387.79004,1391.03003,1
2057,1391.03003,1409.15002,1
2058,1409.15002,1406.29004,1
2059,1406.29004,1398.93994,1
2060,1398.77002,1409.93005,1
2061,1409.95996,1415.94995,1
2062,1415.94995,1416.18005,1
2063,1416.33997,1409.45996,1
2064,1409.45996,1407.05005,1
2065,1407.05005,1409.28003,1
2066,1409.43005,1413.93994,1
2067,1413.94995,1418.06995,1
2068,1418.06995,1418.55005,1
2069,1418.55005,1427.83997,1
2070,1427.83997,1428.47998,1
2071,1428.47998,1419.44995,1
2072,1419.44995,1413.57996,1
2073,1413.54004,1430.35999,1
2074,1430.46997,1446.79004,1
2075,1446.79004,1435.81006,1
2076,1435.81006,1443.68994,1
2077,1443.67004,1430.15002,1
2078,1430.15002,1426.66003,1
2079,1426.66003,1419.82996,1
2080,1419.82996,1418.09998,1
2081,1418.09998,1402.43005,1
2082,1402.43005,1426.18994,1
2083,1426.18994,1462.42004,1
2084,1462.42004,1459.37,1
2085,1459.37,1466.46997,1
2086,1466.46997,1461.89002,1
2087,1461.89002,1457.15002,1
2088,1457.15002,1461.02002,1
2089,1461.02002,1472.12,1
2090,1472.12,1472.05005,1
2091,1472.05005,1470.68005,1
2092,1470.67004,1472.33997,1
2093,1472.32996,1472.63001,1
2094,1472.63001,1480.93994,1
2095,1480.94995,1485.97998,1
2096,1485.97998,1492.56006,1
2097,1492.56006,1494.81006,1
2098,1494.81006,1494.81995,1
2099,1494.81995,1502.95996,1
2100,1502.95996,1500.18005,1
2101,1500.18005,1507.83997,1
2102,1507.83997,1501.95996,1
2103,1501.95996,1498.10999,1
2104,1498.10999,1513.17004,1
2105,1513.17004,1495.70996,1
2106,1495.70996,1511.29004,1
2107,1511.29004,1512.12,1
2108,1512.12,1509.39002,1
2109,1509.39002,1517.93005,1
2110,1517.93005,1517.01001,1
2111,1517.01001,1519.43005,1
2112,1519.43005,1520.32996,1
2113,1520.32996,1521.38001,1
2114,1521.38001,1519.79004,1
2115,1519.79004,1530.93994,1
2116,1530.93994,1511.94995,1
2117,1511.94995,1502.42004,1
2118,1502.42004,1515.59998,1
2119,1515.59998,1487.84998,1
2120,1487.84998,1496.93994,1
2121,1496.93994,1515.98999,1
2122,1515.98999,1514.68005,1
2123,1514.68005,1518.19995,1
2124,1518.19995,1525.19995,1
2125,1525.19995,1539.79004,1
2126,1539.79004,1541.45996,1
2127,1541.45996,1544.26001,1
2128,1544.26001,1551.18005,1
2129,1551.15002,1556.21997,1
2130,1556.21997,1552.47998,1
2131,1552.47998,1554.52002,1
2132,1554.52002,1563.22998,1
2133,1563.20996,1560.69995,1
2134,1560.69995,1552.09998,1
2135,1552.09998,1548.33997,1
2136,1548.33997,1558.70996,1
2137,1558.70996,1545.80005,1
2138,1545.90002,1556.89002,1
2139,1556.89002,1551.68994,1
2140,1551.68994,1563.77002,1
2141,1563.75,1562.84998,1
2142,1562.85999,1569.18994,1
2143,1569.18005,1562.17004,1
2144,1562.17004,1570.25,1
2145,1570.25,1553.68994,1
2146,1553.68994,1559.97998,1
2147,1559.97998,1553.28003,1
2148,1553.26001,1563.06995,1
2149,1563.10999,1568.60999,1
2150,1568.60999,1587.72998,1
2151,1587.72998,1593.37,1
2152,1593.30005,1588.84998,1
2153,1588.83997,1552.35999,1
2154,1552.35999,1574.56995,1
2155,1574.56995,1552.01001,1
2156,1552.03003,1541.60999,1
2157,1541.60999,1555.25,1
2158,1555.25,1562.5,1
2159,1562.5,1578.78003,1
2160,1578.78003,1578.79004,1
2161,1578.93005,1585.16003,1
2162,1585.16003,1582.23999,1
2163,1582.33997,1593.60999,1
2164,1593.57996,1597.56995,1
2165,1597.55005,1582.69995,1
2166,1582.77002,1597.58997,1
2167,1597.59998,1614.42004,1
2168,1614.40002,1617.5,1
2169,1617.55005,1625.95996,1
2170,1625.94995,1632.68994,1
2171,1632.68994,1626.67004,1
2172,1626.68994,1633.69995,1
2173,1632.09998,1633.77002,1
2174,1633.75,1650.33997,1
2175,1649.13001,1658.78003,1
2176,1658.06995,1650.46997,1
2177,1652.44995,1667.46997,1
2178,1665.70996,1666.29004,1
2179,1666.19995,1669.16003,1
2180,1669.39002,1655.34998,1
2181,1651.62,1650.51001,1
2182,1646.67004,1649.59998,1
2183,1652.63001,1660.06006,1
2184,1656.56995,1648.35999,1
2185,1649.14002,1654.41003,1
2186,1652.13001,1630.73999,1
2187,1631.70996,1640.42004,1
2188,1640.72998,1631.38001,1
2189,1629.05005,1608.90002,1
2190,1609.29004,1622.56006,1
2191,1625.27002,1643.38001,1
2192,1644.67004,1642.81006,1
2193,1638.64002,1626.13001,1
2194,1629.93994,1612.52002,1
2195,1612.15002,1636.35999,1
2196,1635.52002,1626.72998,1
2197,1630.64002,1639.04004,1
2198,1639.77002,1651.81006,1
2199,1651.82996,1628.93005,1
2200,1624.62,1588.18994,1
2201,1588.62,1592.43005,1
2202,1588.77002,1573.08997,1
2203,1577.52002,1588.03003,1
2204,1592.27002,1603.26001,1
2205,1606.43994,1613.19995,1
2206,1611.12,1606.28003,1
2207,1609.78003,1614.95996,1
2208,1614.29004,1614.07996,1
2209,1611.47998,1615.41003,1
2210,1618.65002,1631.89002,1
2211,1634.19995,1640.45996,1
2212,1642.89002,1652.31995,1
2213,1651.56006,1652.62,1
2214,1657.41003,1675.02002,1
2215,1675.26001,1680.18994,1
2216,1679.58997,1682.5,1
2217,1682.69995,1676.26001,1
2218,1677.91003,1680.91003,1
2219,1681.05005,1689.37,1
2220,1686.15002,1692.08997,1
2221,1694.41003,1695.53003,1
2222,1696.63001,1692.39002,1
2223,1696.06006,1685.93994,1
2224,1685.20996,1690.25,1
2225,1687.31006,1691.65002,1
2226,1690.31995,1685.32996,1
2227,1687.92004,1685.95996,1
2228,1687.76001,1685.72998,1
2229,1689.42004,1706.87,1
2230,1706.09998,1709.67004,1
2231,1708.01001,1707.14002,1
2232,1705.79004,1697.37,1
2233,1695.30005,1690.91003,1
2234,1693.34998,1697.47998,1
2235,1696.09998,1691.42004,1
2236,1688.37,1689.46997,1
2237,1690.65002,1694.16003,1
2238,1693.88001,1685.39002,1
2239,1679.60999,1661.31995,1
2240,1661.21997,1655.82996,1
2241,1655.25,1646.06006,1
2242,1646.81006,1652.34998,1
2243,1650.66003,1642.80005,1
2244,1645.03003,1656.95996,1
2245,1659.92004,1663.5,1
2246,1664.29004,1656.78003,1
2247,1652.54004,1630.47998,1
2248,1630.25,1634.95996,1
2249,1633.5,1638.17004,1
2250,1638.89002,1632.96997,1
2251,1635.94995,1639.77002,1
2252,1640.71997,1653.07996,1
2253,1653.28003,1655.07996,1
2254,1657.43994,1655.17004,1
2255,1656.84998,1671.70996,1
2256,1675.10999,1683.98999,1
2257,1681.04004,1689.13001,1
2258,1689.20996,1683.42004,1
2259,1685.04004,1687.98999,1
2260,1691.69995,1697.59998,1
2261,1697.72998,1704.76001,1
2262,1705.73999,1725.52002,1
2263,1727.33997,1722.33997,1
2264,1722.43994,1709.91003,1
2265,1711.43994,1701.83997,1
2266,1702.59998,1697.42004,1
2267,1698.02002,1692.77002,1
2268,1694.05005,1698.67004,1
2269,1695.52002,1691.75,1
2270,1687.26001,1681.55005,1
2271,1682.41003,1695,1
2272,1691.90002,1693.87,1
2273,1692.34998,1678.66003,1
2274,1678.79004,1690.5,1
2275,1687.15002,1676.12,1
2276,1676.21997,1655.44995,1
2277,1656.98999,1656.40002,1
2278,1660.88001,1692.56006,1
2279,1691.08997,1703.19995,1
2280,1699.85999,1710.14002,1
2281,1709.17004,1698.06006,1
2282,1700.48999,1721.54004,1
2283,1720.17004,1733.15002,1
2284,1736.71997,1744.5,1
2285,1745.19995,1744.66003,1
2286,1746.47998,1754.67004,1
2287,1752.27002,1746.38001,1
2288,1747.47998,1752.06995,1
2289,1756.01001,1759.77002,1
2290,1759.42004,1762.10999,1
2291,1762.93005,1771.94995,1
2292,1772.27002,1763.31006,1
2293,1763.23999,1756.54004,1
2294,1758.69995,1761.64002,1
2295,1763.40002,1767.93005,1
2296,1765.67004,1762.96997,1
2297,1765,1770.48999,1
2298,1770.73999,1747.15002,1
2299,1748.37,1770.60999,1
2300,1769.95996,1771.89002,1
2301,1769.51001,1767.68994,1
2302,1764.37,1782,1
2303,1782.75,1790.62,1
2304,1790.66003,1798.18005,1
2305,1798.81995,1791.53003,1
2306,1790.79004,1787.87,1
2307,1789.58997,1781.37,1
2308,1783.52002,1795.84998,1
2309,1797.20996,1804.76001,1
2310,1806.32996,1802.47998,1
2311,1802.87,1802.75,1
2312,1803.47998,1807.22998,1
2313,1808.68994,1805.81006,1
2314,1806.55005,1800.90002,1
2315,1800.09998,1795.15002,1
2316,1793.15002,1792.81006,1
2317,1792.81995,1785.03003,1
2318,1788.35999,1805.08997,1
2319,1806.20996,1808.37,1
2320,1807.59998,1802.62,1
2321,1802.76001,1782.21997,1
2322,1781.70996,1775.5,1
2323,1777.97998,1775.31995,1
2324,1777.47998,1786.54004,1
2325,1786.46997,1781,1
2326,1781.45996,1810.65002,1
2327,1809,1809.59998,1
2328,1810.39002,1818.31995,1
2329,1822.92004,1827.98999,1
2330,1828.02002,1833.31995,1
2331,1834.95996,1842.02002,1
2332,1842.96997,1841.40002,1
2333,1841.46997,1841.06995,1
2334,1842.60999,1848.35999,1
2335,1845.85999,1831.97998,1
2336,1833.20996,1831.37,1
2337,1832.31006,1826.77002,1
2338,1828.70996,1837.88001,1
2339,1837.90002,1837.48999,1
2340,1839,1838.13001,1
2341,1840.06006,1842.37,1
2342,1841.26001,1819.19995,1
2343,1821.35999,1838.88001,1
2344,1840.52002,1848.38001,1
2345,1847.98999,1845.89002,1
2346,1844.22998,1838.69995,1
2347,1841.05005,1843.80005,1
2348,1844.70996,1844.85999,1
2349,1842.29004,1828.45996,1
2350,1826.95996,1790.29004,1
2351,1791.03003,1781.56006,1
2352,1783,1792.5,1
2353,1790.15002,1774.19995,1
2354,1777.17004,1794.18994,1
2355,1790.88001,1782.58997,1
2356,1782.68005,1741.89002,1
2357,1743.81995,1755.19995,1
2358,1753.38001,1751.64002,1
2359,1752.98999,1773.43005,1
2360,1776.01001,1797.02002,1
2361,1796.19995,1799.83997,1
2362,1800.44995,1819.75,1
2363,1820.12,1819.26001,1
2364,1814.81995,1829.82996,1
2365,1828.45996,1838.63001,1
2366,1839.03003,1840.76001,1
2367,1838.90002,1828.75,1
2368,1829.23999,1839.78003,1
2369,1841.06995,1836.25,1
2370,1836.78003,1847.60999,1
2371,1847.66003,1845.12,1
2372,1845.79004,1845.16003,1
2373,1844.90002,1854.29004,1
2374,1855.12,1859.44995,1
2375,1857.68005,1845.72998,1
2376,1849.22998,1873.91003,1
2377,1874.05005,1873.81006,1
2378,1874.18005,1877.03003,1
2379,1878.52002,1878.04004,1
2380,1877.85999,1877.17004,1
2381,1878.26001,1867.63001,1
2382,1866.15002,1868.19995,1
2383,1869.06006,1846.33997,1
2384,1845.06995,1841.13001,1
2385,1842.81006,1858.82996,1
2386,1858.92004,1872.25,1
2387,1872.25,1860.77002,1
2388,1860.08997,1872.01001,1
2389,1874.53003,1866.52002,1
2390,1867.67004,1857.43994,1
2391,1859.47998,1865.62,1
2392,1867.08997,1852.56006,1
2393,1852.10999,1849.04004,1
2394,1850.06995,1857.62,1
2395,1859.16003,1872.33997,1
2396,1873.95996,1885.52002,1
2397,1886.60999,1890.90002,1
2398,1891.43005,1888.77002,1
2399,1890.25,1865.08997,1
2400,1863.92004,1845.04004,1
2401,1845.47998,1851.95996,1
2402,1852.64002,1872.18005,1
2403,1872.28003,1833.07996,1
2404,1830.65002,1815.68994,1
2405,1818.18005,1830.60999,1
2406,1831.44995,1842.97998,1
2407,1846.01001,1862.31006,1
2408,1861.72998,1864.84998,1
2409,1865.79004,1871.89002,1
2410,1872.56995,1879.55005,1
2411,1879.31995,1875.39002,1
2412,1881.96997,1878.60999,1
2413,1877.71997,1863.40002,1
2414,1865,1869.43005,1
2415,1870.78003,1878.32996,1
2416,1877.09998,1883.94995,1
2417,1884.39002,1883.68005,1
2418,1885.30005,1881.14002,1
2419,1879.44995,1884.66003,1
2420,1883.68994,1867.71997,1
2421,1868.53003,1878.20996,1
2422,1877.39002,1875.63001,1
2423,1875.27002,1878.47998,1
2424,1880.03003,1896.65002,1
2425,1896.75,1897.44995,1
2426,1897.13001,1888.53003,1
2427,1888.16003,1870.84998,1
2428,1871.18994,1877.85999,1
2429,1876.66003,1885.07996,1
2430,1884.88001,1872.82996,1
2431,1873.33997,1888.03003,1
2432,1888.18994,1892.48999,1
2433,1893.31995,1900.53003,1
2434,1902.01001,1911.91003,1
2435,1911.77002,1909.78003,1
2436,1910.59998,1920.03003,1
2437,1920.32996,1923.56995,1
2438,1923.87,1924.96997,1
2439,1923.06995,1924.23999,1
2440,1923.06006,1927.88001,1
2441,1928.52002,1940.45996,1
2442,1942.41003,1949.43994,1
2443,1948.96997,1951.27002,1
2444,1950.33997,1950.79004,1
2445,1949.37,1943.89002,1
2446,1943.34998,1930.10999,1
2447,1930.80005,1936.16003,1
2448,1934.83997,1937.78003,1
2449,1937.15002,1941.98999,1
2450,1942.72998,1956.97998,1
2451,1957.5,1959.47998,1
2452,1960.44995,1962.87,1
2453,1962.92004,1962.60999,1
2454,1961.96997,1949.97998,1
2455,1949.27002,1959.53003,1
2456,1959.89002,1957.21997,1
2457,1956.56006,1960.95996,1
2458,1960.79004,1960.22998,1
2459,1962.29004,1973.31995,1
2460,1973.06006,1974.62,1
2461,1975.88001,1985.43994,1
2462,1984.21997,1977.65002,1
2463,1976.39002,1963.70996,1
2464,1965.09998,1972.82996,1
2465,1966.67004,1964.68005,1
2466,1965.76001,1967.56995,1
2467,1969.85999,1977.09998,1
2468,1977.35999,1973.28003,1
2469,1976.34998,1981.56995,1
2470,1979.75,1958.12,1
2471,1961.54004,1978.21997,1
2472,1976.93005,1973.63001,1
2473,1975.65002,1983.53003,1
2474,1985.31995,1987.01001,1
2475,1988.06995,1987.97998,1
2476,1984.59998,1978.33997,1
2477,1978.25,1978.91003,1
2478,1980.03003,1969.94995,1
2479,1973.20996,1970.06995,1
2480,1965.14002,1930.67004,1
2481,1929.80005,1925.15002,1
2482,1926.62,1938.98999,1
2483,1936.33997,1920.20996,1
2484,1917.29004,1920.23999,1
2485,1923.03003,1909.56995,1
2486,1910.34998,1931.58997,1
2487,1933.43005,1936.92004,1
2488,1935.72998,1933.75,1
2489,1935.59998,1946.71997,1
2490,1947.41003,1955.18005,1
2491,1958.87,1955.06006,1
2492,1958.35999,1971.73999,1
2493,1972.72998,1981.59998,1
2494,1980.45996,1986.51001,1
2495,1986.81995,1992.37,1
2496,1992.59998,1988.40002,1
2497,1991.73999,1997.92004,1
2498,1998.58997,2000.02002,1
2499,2000.54004,2000.12,1
2500,1997.42004,1996.73999,1
2501,1998.44995,2003.37,1
2502,2004.06995,2002.28003,1
2503,2003.56995,2000.71997,1
2504,2001.67004,1997.65002,1
2505,1998,2007.70996,1
2506,2007.17004,2001.54004,1
2507,2000.72998,1988.43994,1
2508,1988.41003,1995.68994,1
2509,1992.84998,1997.44995,1
2510,1996.73999,1985.54004,1
2511,1986.04004,1984.13001,1
2512,1981.93005,1998.97998,1
2513,1999.30005,2001.56995,1
2514,2003.06995,2011.35999,1
2515,2012.73999,2010.40002,1
2516,2009.07996,1994.29004,1
2517,1992.78003,1982.77002,1
2518,1983.33997,1998.30005,1
2519,1997.31995,1965.98999,1
2520,1966.21997,1982.84998,1
2521,1978.95996,1977.80005,1
2522,1978.20996,1972.29004,1
2523,1971.43994,1946.16003,1
2524,1945.82996,1946.17004,1
2525,1948.12,1967.90002,1
2526,1970.01001,1964.81995,1
2527,1962.35999,1935.09998,1
2528,1935.55005,1968.89002,1
2529,1967.68005,1928.20996,1
2530,1925.63001,1906.13001,1
2531,1905.65002,1874.73999,1
2532,1877.10999,1877.69995,1
2533,1874.18005,1862.48999,1
2534,1855.94995,1862.76001,1
2535,1864.91003,1886.76001,1
2536,1885.62,1904.01001,1
2537,1909.38001,1941.28003,1
2538,1941.29004,1927.10999,1
2539,1931.02002,1950.81995,1
2540,1951.58997,1964.57996,1
2541,1962.96997,1961.63001,1
2542,1964.14002,1985.05005,1
2543,1983.29004,1982.30005,1
2544,1979.48999,1994.65002,1
2545,2001.19995,2018.05005,1
2546,2018.20996,2017.81006,1
2547,2015.81006,2012.09998,1
2548,2015.29004,2023.56995,1
2549,2023.32996,2031.20996,1
2550,2032.35999,2031.92004,1
2551,2032.01001,2038.26001,1
2552,2038.19995,2039.68005,1
2553,2037.75,2038.25,1
2554,2039.20996,2039.32996,1
2555,2039.73999,2039.81995,1
2556,2038.29004,2041.31995,1
2557,2041.47998,2051.80005,1
2558,2051.15991,2048.71997,1
2559,2045.87,2052.75,1
2560,2057.45996,2063.5,1
2561,2065.07007,2069.40991,1
2562,2070.1499,2067.03003,1
2563,2067.36011,2072.83008,1
2564,2074.78003,2067.56006,1
2565,2065.78003,2053.43994,1
2566,2053.77002,2066.55005,1
2567,2067.44995,2074.33008,1
2568,2073.63989,2071.91992,1
2569,2072.78003,2075.37012,1
2570,2074.84009,2060.31006,1
2571,2056.55005,2059.82007,1
2572,2058.86011,2026.14002,1
2573,2027.92004,2035.32996,1
2574,2030.35999,2002.32996,1
2575,2005.03003,1989.63001,1
2576,1986.70996,1972.73999,1
2577,1973.77002,2012.89002,1
2578,2018.97998,2061.22998,1
2579,2061.04004,2070.6499,1
2580,2069.28003,2078.54004,1
2581,2081.47998,2082.16992,1
2582,2083.25,2081.87988,1
2583,2084.30005,2088.77002,1
2584,2087.62988,2090.57007,1
2585,2088.48999,2080.3501,1
2586,2082.11011,2058.8999,1
2587,2058.8999,2058.19995,1
2588,2054.43994,2020.57996,1
2589,2022.15002,2002.60999,1
2590,2005.55005,2025.90002,1
2591,2030.60999,2062.13989,1
2592,2063.44995,2044.81006,1
2593,2046.13001,2028.26001,1
2594,2031.57996,2023.03003,1
2595,2018.40002,2011.27002,1
2596,2013.75,1992.67004,1
2597,1992.25,2019.42004,1
2598,2020.76001,2022.55005,1
2599,2020.18994,2032.12,1
2600,2034.30005,2063.1499,1
2601,2062.97998,2051.82007,1
2602,2050.41992,2057.09009,1
2603,2047.85999,2029.55005,1
2604,2032.33997,2002.16003,1
2605,2002.44995,2021.25,1
2606,2019.34998,1994.98999,1
2607,1996.67004,2020.84998,1
2608,2022.70996,2050.03003,1
2609,2048.86011,2041.51001,1
2610,2043.44995,2062.52002,1
2611,2062.28003,2055.46997,1
2612,2053.46997,2046.73999,1
2613,2049.37988,2068.59009,1
2614,2068.55005,2068.53003,1
2615,2069.97998,2088.47998,1
2616,2088.78003,2096.98999,1
2617,2096.46997,2100.34009,1
2618,2099.15991,2099.67993,1
2619,2099.25,2097.44995,1
2620,2097.6499,2110.30005,1
2621,2109.83008,2109.65991,1
2622,2109.1001,2115.47998,1
2623,2115.30005,2113.86011,1
2624,2113.90991,2110.73999,1
2625,2110.87988,2104.5,1
2626,2105.22998,2117.38989,1
2627,2115.76001,2107.78003,1
2628,2107.71997,2098.53003,1
2629,2098.54004,2101.04004,1
2630,2100.90991,2071.26001,1
2631,2072.25,2079.42993,1
2632,2076.13989,2044.16003,1
2633,2044.68994,2040.23999,1
2634,2041.09998,2065.94995,1
2635,2064.56006,2053.3999,1
2636,2055.3501,2081.18994,1
2637,2080.59009,2074.28003,1
2638,2072.84009,2099.5,1
2639,2098.68994,2089.27002,1
2640,2090.32007,2108.1001,1
2641,2107.98999,2104.41992,1
2642,2103.93994,2091.5,1
2643,2093.1001,2061.05005,1
2644,2059.93994,2056.1499,1
2645,2055.78003,2061.02002,1
2646,2064.11011,2086.23999,1
2647,2084.05005,2067.88989,1
2648,2067.62988,2059.68994,1
2649,2060.03003,2066.95996,1
2650,2064.87012,2080.62012,1
2651,2080.79004,2076.33008,1
2652,2076.93994,2081.8999,1
2653,2081.29004,2091.17993,1
2654,2091.51001,2102.06006,1
2655,2102.03003,2092.42993,1
2656,2092.28003,2095.84009,1
2657,2097.82007,2106.62988,1
2658,2105.95996,2104.98999,1
2659,2102.58008,2081.17993,1
2660,2084.11011,2100.3999,1
2661,2102.82007,2097.29004,1
2662,2098.27002,2107.95996,1
2663,2107.20996,2112.92993,1
2664,2112.80005,2117.68994,1
2665,2119.29004,2108.91992,1
2666,2108.3501,2114.76001,1
2667,2112.48999,2106.8501,1
2668,2105.52002,2085.51001,1
2669,2087.37988,2108.29004,1
2670,2110.22998,2114.48999,1
2671,2112.62988,2089.45996,1
2672,2091.26001,2080.1499,1
2673,2079.95996,2088,1
2674,2092.12988,2116.1001,1
2675,2115.56006,2105.33008,1
2676,2102.87012,2099.12012,1
2677,2099.62012,2098.47998,1
2678,2100.42993,2121.1001,1
2679,2122.07007,2122.72998,1
2680,2121.30005,2129.19995,1
2681,2129.44995,2127.83008,1
2682,2127.79004,2125.8501,1
2683,2125.55005,2130.82007,1
2684,2130.36011,2126.06006,1
2685,2125.34009,2104.19995,1
2686,2105.12988,2123.47998,1
2687,2122.27002,2120.79004,1
2688,2120.65991,2107.38989,1
2689,2108.63989,2111.72998,1
2690,2110.40991,2109.6001,1
2691,2110.63989,2114.07007,1
2692,2112.3501,2095.84009,1
2693,2095.09009,2092.83008,1
2694,2092.34009,2079.28003,1
2695,2079.07007,2080.1499,1
2696,2081.12012,2105.19995,1
2697,2106.23999,2108.86011,1
2698,2107.42993,2094.11011,1
2699,2091.34009,2084.42993,1
2700,2084.26001,2096.29004,1
2701,2097.3999,2100.43994,1
2702,2101.58008,2121.23999,1
2703,2121.06006,2109.98999,1
2704,2112.5,2122.8501,1
2705,2123.15991,2124.19995,1
2706,2123.6499,2108.58008,1
2707,2109.95996,2102.31006,1
2708,2102.62012,2101.48999,1
2709,2098.62988,2057.63989,1
2710,2061.18994,2063.11011,1
2711,2067,2077.41992,1
2712,2078.03003,2076.78003,1
2713,2073.94995,2068.76001,1
2714,2069.52002,2081.34009,1
2715,2077.65991,2046.68005,1
2716,2049.72998,2051.31006,1
2717,2052.73999,2076.62012,1
2718,2080.03003,2099.6001,1
2719,2099.71997,2108.94995,1
2720,2109.01001,2107.3999,1
2721,2110.55005,2124.29004,1
2722,2126.80005,2126.63989,1
2723,2126.8501,2128.28003,1
2724,2127.55005,2119.20996,1
2725,2118.20996,2114.1499,1
2726,2114.15991,2102.1499,1
2727,2102.23999,2079.6499,1
2728,2078.18994,2067.63989,1
2729,2070.75,2093.25,1
2730,2094.69995,2108.57007,1
2731,2106.78003,2108.62988,1
2732,2111.6001,2103.84009,1
2733,2104.48999,2098.04004,1
2734,2097.67993,2093.32007,1
2735,2095.27002,2099.84009,1
2736,2100.75,2083.56006,1
2737,2082.61011,2077.57007,1
2738,2080.97998,2104.17993,1
2739,2102.65991,2084.07007,1
2740,2081.1001,2086.05005,1
2741,2086.18994,2083.38989,1
2742,2083.1499,2091.54004,1
2743,2089.69995,2102.43994,1
2744,2101.98999,2096.91992,1
2745,2095.68994,2079.61011,1
2746,2076.61011,2035.72998,1
2747,2034.07996,1970.89002,1
2748,1965.15002,1893.20996,1
2749,1898.07996,1867.60999,1
2750,1872.75,1940.51001,1
2751,1942.77002,1987.66003,1
2752,1986.06006,1988.87,1
2753,1986.72998,1972.18005,1
2754,1970.08997,1913.84998,1
2755,1916.52002,1948.85999,1
2756,1950.79004,1951.13001,1
2757,1947.76001,1921.21997,1
2758,1927.30005,1969.41003,1
2759,1971.44995,1942.04004,1
2760,1941.58997,1952.29004,1
2761,1951.44995,1961.05005,1
2762,1963.06006,1953.03003,1
2763,1955.09998,1978.08997,1
2764,1978.02002,1995.31006,1
2765,1995.32996,1990.19995,1
2766,1989.66003,1958.03003,1
2767,1960.83997,1966.96997,1
2768,1961.39002,1942.73999,1
2769,1943.23999,1938.76001,1
2770,1934.81006,1932.23999,1
2771,1935.93005,1931.33997,1
2772,1929.18005,1881.77002,1
2773,1881.90002,1884.08997,1
2774,1887.14002,1920.03003,1
2775,1919.65002,1923.81995,1
2776,1921.77002,1951.35999,1
2777,1954.32996,1987.05005,1
2778,1986.63001,1979.92004,1
2779,1982.33997,1995.82996,1
2780,1994.01001,2013.43005,1
2781,2013.72998,2014.89002,1
2782,2015.65002,2017.45996,1
2783,2015,2003.68994,1
2784,2003.66003,1994.23999,1
2785,1996.46997,2023.85999,1
2786,2024.37,2033.10999,1
2787,2031.72998,2033.66003,1
2788,2033.13001,2030.77002,1
2789,2033.46997,2018.93994,1
2790,2021.88001,2052.51001,1
2791,2058.18994,2075.1499,1
2792,2075.08008,2071.17993,1
2793,2068.75,2065.88989,1
2794,2066.47998,2090.3501,1
2795,2088.3501,2089.40991,1
2796,2090,2079.36011,1
2797,2080.76001,2104.05005,1
2798,2102.62988,2109.79004,1
2799,2110.6001,2102.31006,1
2800,2101.67993,2099.92993,1
2801,2098.6001,2099.19995,1
2802,2096.56006,2078.58008,1
2803,2077.18994,2081.71997,1
2804,2083.40991,2075,1
2805,2072.29004,2045.96997,1
2806,2044.64002,2023.04004,1
2807,2022.07996,2053.18994,1
2808,2053.66992,2050.43994,1
2809,2051.98999,2083.58008,1
2810,2083.69995,2081.23999,1
2811,2082.82007,2089.16992,1
2812,2089.40991,2086.59009,1
2813,2084.41992,2089.13989,1
2814,2089.30005,2088.87012,1
2815,2088.82007,2090.11011,1
2816,2090.94995,2080.40991,1
2817,2082.92993,2102.62988,1
2818,2101.70996,2079.51001,1
2819,2080.70996,2049.62012,1
2820,2051.23999,2091.68994,1
2821,2090.41992,2077.07007,1
2822,2073.38989,2063.59009,1
2823,2061.16992,2047.62,1
2824,2047.93005,2052.22998,1
2825,2047.27002,2012.37,1
2826,2013.37,2021.93994,1
2827,2025.55005,2043.41003,1
2828,2046.5,2073.07007,1
2829,2073.76001,2041.89002,1
2830,2040.81006,2005.55005,1
2831,2010.27002,2021.15002,1
2832,2023.15002,2038.96997,1
2833,2042.19995,2064.29004,1
2834,2063.52002,2060.98999,1
2835,2057.77002,2056.5,1
2836,2060.54004,2078.36011,1
2837,2077.34009,2063.36011,1
2838,2060.59009,2043.93994,1
2839,2038.19995,2012.66003,1
2840,2013.78003,2016.70996,1
2841,2011.70996,1990.26001,1
2842,1985.31995,1943.08997,1
2843,1945.96997,1922.03003,1
2844,1926.12,1923.67004,1
2845,1927.82996,1938.68005,1
2846,1940.33997,1890.28003,1
2847,1891.68005,1921.83997,1
2848,1916.68005,1880.32996,1
2849,1888.66003,1881.32996,1
2850,1876.18005,1859.32996,1
2851,1861.45996,1868.98999,1
2852,1877.40002,1906.90002,1
2853,1906.28003,1877.07996,1
2854,1878.79004,1903.63001,1
2855,1902.52002,1882.94995,1
2856,1885.21997,1893.35999,1
2857,1894,1940.23999,1
2858,1936.93994,1939.38001,1
2859,1935.26001,1903.03003,1
2860,1907.06995,1912.53003,1
2861,1911.67004,1915.44995,1
2862,1913.06995,1880.05005,1
2863,1873.25,1853.43994,1
2864,1848.45996,1852.20996,1
2865,1857.09998,1851.85999,1
2866,1847,1829.07996,1
2867,1833.40002,1864.78003,1
2868,1871.43994,1895.57996,1
2869,1898.80005,1926.81995,1
2870,1927.56995,1917.82996,1
2871,1916.73999,1917.78003,1
2872,1924.43994,1945.5,1
2873,1942.38001,1921.27002,1
2874,1917.56006,1929.80005,1
2875,1931.87,1951.69995,1
2876,1954.94995,1948.05005,1
2877,1947.13001,1932.22998,1
2878,1937.08997,1978.34998,1
2879,1976.59998,1986.44995,1
2880,1985.59998,1993.40002,1
2881,1994.01001,1999.98999,1
2882,1996.10999,2001.76001,1
2883,1996.88001,1979.26001,1
2884,1981.43994,1989.26001,1
2885,1990.96997,1989.56995,1
2886,1994.70996,2022.18994,1
2887,2019.27002,2019.64002,1
2888,2015.27002,2015.93005,1
2889,2014.23999,2027.21997,1
2890,2026.90002,2040.58997,1
2891,2041.16003,2049.58008,1
2892,2047.88001,2051.6001,1
2893,2048.63989,2049.80005,1
2894,2048.55005,2036.70996,1
2895,2032.47998,2035.93994,1
2896,2037.89002,2037.05005,1
2897,2035.75,2055.01001,1
2898,2058.27002,2063.94995,1
2899,2063.77002,2059.73999,1
2900,2056.62012,2072.78003,1
2901,2073.18994,2066.12988,1
2902,2062.5,2045.17004,1
2903,2045.56006,2066.65991,1
2904,2063.01001,2041.91003,1
2905,2045.54004,2047.59998,1
2906,2050.22998,2041.98999,1
2907,2043.71997,2061.71997,1
2908,2065.91992,2082.41992,1
2909,2082.88989,2082.78003,1
2910,2083.1001,2080.72998,1
2911,2078.83008,2094.34009,1
2912,2096.05005,2100.80005,1
2913,2101.52002,2102.3999,1
2914,2102.09009,2091.47998,1
2915,2091.48999,2091.58008,1
2916,2089.37012,2087.79004,1
2917,2089.84009,2091.69995,1
2918,2092.33008,2095.1499,1
2919,2090.92993,2075.81006,1
2920,2071.82007,2065.30005,1
2921,2067.16992,2081.42993,1
2922,2077.17993,2063.37012,1
2923,2060.30005,2051.12012,1
2924,2052.94995,2050.62988,1
2925,2047.77002,2057.13989,1
2926,2057.55005,2058.68994,1
2927,2062.62988,2084.38989,1
2928,2083.29004,2064.45996,1
2929,2067.16992,2064.11011,1
2930,2062.5,2046.60999,1
2931,2046.53003,2066.65991,1
2932,2065.04004,2047.20996,1
2933,2044.38001,2047.63001,1
2934,2044.20996,2040.04004,1
2935,2041.88001,2052.32007,1
2936,2052.22998,2048.04004,1
2937,2052.6499,2076.06006,1
2938,2078.92993,2090.54004,1
2939,2091.43994,2090.1001,1
2940,2090.06006,2099.06006,1
2941,2100.12988,2096.94995,1
2942,2093.93994,2099.33008,1
2943,2097.70996,2105.26001,1
2944,2104.07007,2099.12988,1
2945,2100.83008,2109.40991,1
2946,2110.17993,2112.12988,1
2947,2112.70996,2119.12012,1
2948,2115.6499,2115.47998,1
2949,2109.57007,2096.07007,1
2950,2091.75,2079.06006,1
2951,2076.6499,2075.32007,1
2952,2077.6001,2071.5,1
2953,2066.36011,2077.98999,1
2954,2078.19995,2071.21997,1
2955,2075.58008,2083.25,1
2956,2085.18994,2088.8999,1
2957,2089.75,2085.44995,1
2958,2092.80005,2113.32007,1
2959,2103.81006,2037.41003,1
2960,2031.44995,2000.54004,1
2961,2006.67004,2036.08997,1
2962,2042.68994,2070.77002,1
2963,2073.16992,2098.86011,1
2964,2099.34009,2102.94995,1
2965,2095.05005,2088.55005,1
2966,2084.42993,2099.72998,1
2967,2100.41992,2097.8999,1
2968,2106.96997,2129.8999,1
2969,2131.71997,2137.15991,1
2970,2139.5,2152.13989,1
2971,2153.81006,2152.42993,1
2972,2157.87988,2163.75,1
2973,2165.12988,2161.73999,1
2974,2162.04004,2166.88989,1
2975,2163.79004,2163.78003,1
2976,2166.1001,2173.02002,1
2977,2172.90991,2165.16992,1
2978,2166.46997,2175.03003,1
2979,2173.70996,2168.47998,1
2980,2168.96997,2169.17993,1
2981,2169.81006,2166.58008,1
2982,2166.05005,2170.06006,1
2983,2168.83008,2173.6001,1
2984,2173.1499,2170.84009,1
2985,2169.93994,2157.03003,1
2986,2156.81006,2163.79004,1
2987,2163.51001,2164.25,1
2988,2168.79004,2182.87012,1
2989,2183.76001,2180.88989,1
2990,2182.23999,2181.73999,1
2991,2182.81006,2175.48999,1
2992,2177.96997,2185.79004,1
2993,2183.73999,2184.05005,1
2994,2186.08008,2190.1499,1
2995,2186.23999,2178.1499,1
2996,2177.84009,2182.21997,1
2997,2181.8999,2187.02002,1
2998,2184.23999,2183.87012,1
2999,2181.58008,2182.63989,1
3000,2187.81006,2186.8999,1
3001,2185.09009,2175.43994,1
3002,2173.29004,2172.46997,1
3003,2175.1001,2169.04004,1
3004,2170.18994,2180.37988,1
3005,2179.44995,2176.12012,1
3006,2173.56006,2170.94995,1
3007,2171.33008,2170.86011,1
3008,2177.48999,2179.97998,1
3009,2181.61011,2186.47998,1
3010,2185.16992,2186.15991,1
3011,2182.76001,2181.30005,1
3012,2169.08008,2127.81006,1
3013,2120.86011,2159.04004,1
3014,2150.46997,2127.02002,1
3015,2127.86011,2125.77002,1
3016,2125.36011,2147.26001,1
3017,2146.47998,2139.15991,1
3018,2143.98999,2139.12012,1
3019,2145.93994,2139.76001,1
3020,2144.58008,2163.12012,1
3021,2170.93994,2177.17993,1
3022,2173.29004,2164.68994,1
3023,2158.54004,2146.1001,1
3024,2146.04004,2159.92993,1
3025,2161.8501,2171.37012,1
3026,2168.8999,2151.12988,1
3027,2156.51001,2168.27002,1
3028,2164.33008,2161.19995,1
3029,2163.37012,2150.48999,1
3030,2155.1499,2159.72998,1
3031,2158.21997,2160.77002,1
3032,2164.18994,2153.73999,1
3033,2160.38989,2163.65991,1
3034,2161.3501,2136.72998,1
3035,2137.66992,2139.17993,1
3036,2130.26001,2132.55005,1
3037,2139.67993,2132.97998,1
3038,2132.94995,2126.5,1
3039,2138.31006,2139.6001,1
3040,2140.81006,2144.29004,1
3041,2142.51001,2141.34009,1
3042,2139.42993,2141.15991,1
3043,2148.5,2151.33008,1
3044,2149.71997,2143.15991,1
3045,2136.96997,2139.42993,1
3046,2144.06006,2133.04004,1
3047,2132.22998,2126.40991,1
3048,2129.78003,2126.1499,1
3049,2128.67993,2111.71997,1
3050,2109.42993,2097.93994,1
3051,2098.80005,2088.65991,1
3052,2083.79004,2085.17993,1
3053,2100.59009,2131.52002,1
3054,2129.91992,2139.56006,1
3055,2131.56006,2163.26001,1
3056,2167.48999,2167.47998,1
3057,2162.70996,2164.44995,1
3058,2165.63989,2164.19995,1
3059,2168.29004,2180.38989,1
3060,2177.53003,2176.93994,1
3061,2178.61011,2187.12012,1
3062,2186.8501,2181.8999,1
3063,2186.42993,2198.17993,1
3064,2201.56006,2202.93994,1
3065,2198.55005,2204.71997,1
3066,2206.27002,2213.3501,1
3067,2210.20996,2201.71997,1
3068,2200.76001,2204.65991,1
3069,2204.96997,2198.81006,1
3070,2200.16992,2191.08008,1
3071,2191.12012,2191.94995,1
3072,2200.6499,2204.70996,1
3073,2207.26001,2212.22998,1
3074,2210.71997,2241.3501,1
3075,2241.12988,2246.18994,1
3076,2249.72998,2259.53003,1
3077,2258.83008,2256.95996,1
3078,2263.32007,2271.71997,1
3079,2268.3501,2253.28003,1
3080,2253.77002,2262.03003,1
3081,2266.81006,2258.07007,1
3082,2259.23999,2262.53003,1
3083,2266.5,2270.76001,1
3084,2270.54004,2265.17993,1
3085,2262.92993,2260.95996,1
3086,2260.25,2263.79004,1
3087,2266.22998,2268.87988,1
3088,2270.22998,2249.91992,1
3089,2249.5,2249.26001,1
3090,2251.61011,2238.83008,1
3091,2251.57007,2257.83008,1
3092,2261.6001,2270.75,1
3093,2268.17993,2269,1
3094,2271.13989,2276.97998,1
3095,2273.59009,2268.8999,1
3096,2269.71997,2268.8999,1
3097,2268.6001,2275.32007,1
3098,2271.13989,2270.43994,1
3099,2272.73999,2274.63989,1
3100,2269.13989,2267.88989,1
3101,2269.13989,2271.88989,1
3102,2271.8999,2263.68994,1
3103,2269.95996,2271.31006,1
3104,2267.78003,2265.19995,1
3105,2267.87988,2280.07007,1
3106,2288.87988,2298.37012,1
3107,2298.62988,2296.67993,1
3108,2299.02002,2294.68994,1
3109,2286.01001,2280.8999,1
3110,2274.02002,2278.87012,1
3111,2285.59009,2279.55005,1
3112,2276.68994,2280.8501,1
3113,2288.54004,2297.41992,1
3114,2294.28003,2292.56006,1
3115,2295.87012,2293.08008,1
3116,2289.55005,2294.66992,1
3117,2296.69995,2307.87012,1
3118,2312.27002,2316.1001,1
3119,2321.71997,2328.25,1
3120,2326.12012,2337.58008,1
3121,2335.58008,2349.25,1
3122,2349.63989,2347.21997,1
3123,2343.01001,2351.15991,1
3124,2354.90991,2365.37988,1
3125,2361.11011,2362.82007,1
3126,2367.5,2363.81006,1
3127,2355.72998,2367.34009,1
3128,2365.22998,2369.75,1
3129,2366.08008,2363.63989,1
3130,2380.12988,2395.95996,1
3131,2394.75,2381.91992,1
3132,2380.91992,2383.12012,1
3133,2375.22998,2375.31006,1
3134,2370.73999,2368.38989,1
3135,2369.81006,2362.97998,1
3136,2363.48999,2364.87012,1
3137,2372.52002,2372.6001,1
3138,2371.56006,2373.46997,1
3139,2368.55005,2365.44995,1
3140,2370.34009,2385.26001,1
3141,2387.70996,2381.37988,1
3142,2383.70996,2378.25,1
3143,2378.23999,2373.46997,1
3144,2379.32007,2344.02002,1
3145,2343,2348.44995,1
3146,2345.96997,2345.95996,1
3147,2350.41992,2343.97998,1
3148,2329.11011,2341.59009,1
3149,2339.79004,2358.57007,1
3150,2356.54004,2361.12988,1
3151,2361.31006,2368.06006,1
3152,2364.82007,2362.71997,1
3153,2362.34009,2358.84009,1
3154,2354.76001,2360.15991,1
3155,2366.59009,2352.94995,1
3156,2353.79004,2357.48999,1
3157,2356.59009,2355.54004,1
3158,2357.15991,2357.15991,0
3159,2353.91992,2353.78003,1
3160,2352.1499,2344.92993,1
3161,2341.97998,2328.94995,1
3162,2332.62012,2349.01001,1
3163,2342.53003,2342.18994,1
3164,2346.79004,2338.16992,1
3165,2342.68994,2355.84009,1
3166,2354.73999,2348.68994,1
3167,2370.33008,2374.1499,1
3168,2381.51001,2388.61011,1
3169,2388.97998,2387.44995,1
3170,2389.69995,2388.77002,1
3171,2393.67993,2384.19995,1
3172,2388.5,2388.33008,1
3173,2391.05005,2391.16992,1
3174,2386.5,2388.12988,1
3175,2389.79004,2389.52002,1
3176,2392.37012,2399.29004,1
3177,2399.93994,2399.37988,1
3178,2401.58008,2396.91992,1
3179,2396.79004,2399.62988,1
3180,2394.84009,2394.43994,1
3181,2392.43994,2390.8999,1
3182,2393.97998,2402.32007,1
3183,2404.55005,2400.66992,1
3184,2382.94995,2357.03003,1
3185,2354.68994,2365.71997,1
3186,2371.37012,2381.72998,1
3187,2387.20996,2394.02002,1
3188,2397.04004,2398.41992,1
3189,2401.40991,2404.38989,1
3190,2409.54004,2415.07007,1
3191,2414.5,2415.82007,1
3192,2411.66992,2412.90991,1
3193,2415.62988,2411.80005,1
3194,2415.6499,2430.06006,1
3195,2431.28003,2439.07007,1
3196,2437.83008,2436.1001,1
3197,2431.91992,2429.33008,1
3198,2432.03003,2433.13989,1
3199,2434.27002,2433.79004,1
3200,2436.38989,2431.77002,1
3201,2425.87988,2429.38989,1
3202,2434.1499,2440.3501,1
3203,2443.75,2437.91992,1
3204,2424.13989,2432.45996,1
3205,2431.23999,2433.1499,1
3206,2442.55005,2453.45996,1
3207,2450.65991,2437.03003,1
3208,2439.31006,2435.61011,1
3209,2437.3999,2434.5,1
3210,2434.6499,2438.30005,1
3211,2443.32007,2439.07007,1
3212,2436.34009,2419.37988,1
3213,2428.69995,2440.68994,1
3214,2442.37988,2419.69995,1
3215,2429.19995,2423.40991,1
3216,2431.38989,2429.01001,1
3217,2430.78003,2432.54004,1
3218,2423.43994,2409.75,1
3219,2413.52002,2425.17993,1
3220,2424.51001,2427.42993,1
3221,2427.3501,2425.53003,1
3222,2435.75,2443.25,1
3223,2444.98999,2447.83008,1
3224,2449.15991,2459.27002,1
3225,2459.5,2459.13989,1
3226,2455.87988,2460.61011,1
3227,2463.8501,2473.83008,1
3228,2475.56006,2473.44995,1
3229,2467.3999,2472.54004,1
3230,2472.04004,2469.90991,1
3231,2477.87988,2477.12988,1
3232,2479.96997,2477.83008,1
3233,2482.76001,2475.41992,1
3234,2469.12012,2472.1001,1
3235,2475.93994,2470.30005,1
3236,2477.1001,2476.3501,1
3237,2480.37988,2477.57007,1
3238,2476.03003,2472.15991,1
3239,2476.87988,2476.83008,1
3240,2477.13989,2480.90991,1
3241,2478.3501,2474.91992,1
3242,2465.3501,2474.02002,1
3243,2465.37988,2438.20996,1
3244,2441.04004,2441.32007,1
3245,2454.95996,2465.84009,1
3246,2468.65991,2464.61011,1
3247,2468.62988,2468.11011,1
3248,2462.94995,2430.01001,1
3249,2427.63989,2425.55005,1
3250,2425.5,2428.37012,1
3251,2433.75,2452.51001,1
3252,2444.87988,2444.04004,1
3253,2447.90991,2438.96997,1
3254,2444.71997,2443.05005,1
3255,2447.3501,2444.23999,1
3256,2431.93994,2446.30005,1
3257,2446.06006,2457.59009,1
3258,2462.6499,2471.6499,1
3259,2474.41992,2476.55005,1
3260,2470.3501,2457.8501,1
3261,2463.83008,2465.54004,1
3262,2468.06006,2465.1001,1
3263,2462.25,2461.42993,1
3264,2474.52002,2488.11011,1
3265,2491.93994,2496.47998,1
3266,2493.88989,2498.37012,1
3267,2494.56006,2495.62012,1
3268,2495.66992,2500.22998,1
3269,2502.51001,2503.87012,1
3270,2506.29004,2506.6499,1
3271,2506.84009,2508.23999,1
3272,2507.15991,2500.6001,1
3273,2497.26001,2502.21997,1
3274,2499.38989,2496.65991,1
3275,2501.04004,2496.84009,1
3276,2503.30005,2507.04004,1
3277,2503.40991,2510.06006,1
3278,2509.95996,2519.36011,1
3279,2521.19995,2529.12012,1
3280,2530.34009,2534.58008,1
3281,2533.47998,2537.73999,1
3282,2540.86011,2552.07007,1
3283,2547.43994,2549.33008,1
3284,2551.38989,2544.72998,1
3285,2549.98999,2550.63989,1
3286,2550.62012,2555.23999,1
3287,2552.87988,2550.92993,1
3288,2555.65991,2553.16992,1
3289,2555.57007,2557.63989,1
3290,2557.16992,2559.36011,1
3291,2562.87012,2561.26001,1
3292,2553.38989,2562.1001,1
3293,2567.56006,2575.20996,1
3294,2578.08008,2564.97998,1
3295,2568.65991,2569.12988,1
3296,2566.52002,2557.1499,1
3297,2560.08008,2560.3999,1
3298,2570.26001,2581.07007,1
3299,2577.75,2572.83008,1
3300,2575.98999,2575.26001,1
3301,2583.20996,2579.36011,1
3302,2579.45996,2579.8501,1
3303,2581.92993,2587.84009,1
3304,2587.46997,2591.12988,1
3305,2592.11011,2590.63989,1
3306,2588.70996,2594.37988,1
3307,2584,2584.62012,1
3308,2580.17993,2582.30005,1
3309,2576.53003,2584.84009,1
3310,2577.75,2578.87012,1
3311,2569.44995,2564.62012,1
3312,2572.94995,2585.63989,1
3313,2582.93994,2578.8501,1
3314,2579.48999,2582.13989,1
3315,2589.16992,2599.03003,1
3316,2600.31006,2597.08008,1
3317,2600.41992,2602.41992,1
3318,2602.65991,2601.41992,1
3319,2605.93994,2627.04004,1
3320,2627.82007,2626.07007,1
3321,2633.92993,2647.58008,1
3322,2645.1001,2642.21997,1
3323,2657.18994,2639.43994,1
3324,2639.78003,2629.57007,1
3325,2626.23999,2629.27002,1
3326,2628.37988,2636.97998,1
3327,2646.20996,2651.5,1
3328,2652.18994,2659.98999,1
3329,2661.72998,2664.11011,1
3330,2667.59009,2662.8501,1
3331,2665.87012,2652.01001,1
3332,2660.62988,2675.81006,1
3333,2685.91992,2690.15991,1
3334,2692.70996,2681.46997,1
3335,2688.17993,2679.25,1
3336,2683.02002,2684.57007,1
3337,2684.21997,2683.34009,1
3338,2679.09009,2680.5,1
3339,2682.1001,2682.62012,1
3340,2686.1001,2687.54004,1
3341,2689.1499,2673.61011,1
3342,2683.72998,2695.81006,1
3343,2697.8501,2713.06006,1
3344,2719.31006,2723.98999,1
3345,2731.33008,2743.1499,1
3346,2742.66992,2747.70996,1
3347,2751.1499,2751.29004,1
3348,2745.55005,2748.22998,1
3349,2752.96997,2767.56006,1
3350,2770.17993,2786.23999,1
3351,2798.95996,2776.41992,1
3352,2784.98999,2802.56006,1
3353,2802.3999,2798.03003,1
3354,2802.6001,2810.30005,1
3355,2809.15991,2832.96997,1
3356,2835.05005,2839.12988,1
3357,2845.41992,2837.54004,1
3358,2846.23999,2839.25,1
3359,2847.47998,2872.87012,1
3360,2867.22998,2853.53003,1
3361,2832.73999,2822.42993,1
3362,2832.40991,2823.81006,1
3363,2816.44995,2821.97998,1
3364,2808.91992,2762.12988,1
3365,2741.06006,2648.93994,1
3366,2614.78003,2695.13989,1
3367,2690.94995,2681.65991,1
3368,2685.01001,2581,1
3369,2601.78003,2619.55005,1
3370,2636.75,2656,1
3371,2646.27002,2662.93994,1
3372,2651.20996,2698.62988,1
3373,2713.45996,2731.19995,1
3374,2727.13989,2732.21997,1
3375,2722.98999,2716.26001,1
3376,2720.53003,2701.33008,1
3377,2710.41992,2703.95996,1
3378,2715.80005,2747.30005,1
3379,2757.37012,2779.6001,1
3380,2780.44995,2744.28003,1
3381,2753.78003,2713.83008,1
3382,2715.21997,2677.66992,1
3383,2658.88989,2691.25,1
3384,2681.06006,2720.93994,1
3385,2730.17993,2728.12012,1
3386,2710.17993,2726.80005,1
3387,2732.75,2738.96997,1
3388,2752.90991,2786.57007,1
3389,2790.54004,2783.02002,1
3390,2792.31006,2765.31006,1
3391,2774.06006,2749.47998,1
3392,2754.27002,2747.33008,1
3393,2750.57007,2752.01001,1
3394,2741.37988,2712.91992,1
3395,2715.05005,2716.93994,1
3396,2714.98999,2711.92993,1
3397,2691.36011,2643.68994,1
3398,2646.70996,2588.26001,1
3399,2619.3501,2658.55005,1
3400,2667.57007,2612.62012,1
3401,2611.30005,2605,1
3402,2614.40991,2640.87012,1
3403,2633.44995,2581.87988,1
3404,2592.16992,2614.44995,1
3405,2584.04004,2644.68994,1
3406,2657.36011,2662.84009,1
3407,2645.82007,2604.46997,1
3408,2617.17993,2613.15991,1
3409,2638.40991,2656.87012,1
3410,2643.88989,2642.18994,1
3411,2653.83008,2663.98999,1
3412,2676.8999,2656.30005,1
3413,2670.1001,2677.84009,1
3414,2692.73999,2706.38989,1
3415,2710.11011,2708.63989,1
3416,2701.15991,2693.12988,1
3417,2692.56006,2670.13989,1
3418,2675.3999,2670.29004,1
3419,2680.80005,2634.56006,1
3420,2634.91992,2639.3999,1
3421,2651.6499,2666.93994,1
3422,2675.46997,2669.90991,1
3423,2682.51001,2648.05005,1
3424,2642.95996,2654.80005,1
3425,2654.23999,2635.66992,1
3426,2628.08008,2629.72998,1
3427,2621.44995,2663.41992,1
3428,2680.34009,2672.62988,1
3429,2670.26001,2671.91992,1
3430,2678.12012,2697.79004,1
3431,2705.02002,2723.07007,1
3432,2722.69995,2727.71997,1
3433,2738.46997,2730.12988,1
3434,2718.59009,2711.44995,1
3435,2712.62012,2722.45996,1
3436,2719.70996,2720.12988,1
3437,2717.3501,2712.96997,1
3438,2735.38989,2733.01001,1
3439,2738.34009,2724.43994,1
3440,2713.97998,2733.29004,1
3441,2730.93994,2727.76001,1
3442,2723.6001,2721.33008,1
