,anio,mes,dia,Open,High,Low,Close,Volume,open vs close T-1,Close mayor a open =1
0,1977,1,3,16.133125,16.236876,16.133125,16.236876,47800,0,0
1,1977,1,4,16.236876,16.28875,16.184999,16.28875,34200,0,1
2,1977,1,5,16.28875,16.28875,16.133125,16.184999,15300,0,0
3,1977,1,6,16.133125,16.133125,15.925625,16.081249,39000,-0.051874,0
4,1977,1,7,16.081249,16.133125,15.925625,16.133125,20400,0,1
5,1977,1,10,16.133125,16.340626,16.133125,16.28875,42800,0,1
6,1977,1,11,16.28875,16.3925,16.28875,16.340626,22000,0,1
7,1977,1,12,16.340626,16.340626,16.133125,16.340626,34900,0,0
8,1977,1,13,16.340626,16.548124,16.340626,16.444374,34400,0,1
9,1977,1,14,16.444374,16.548124,16.3925,16.49625,20600,0,1
10,1977,1,17,16.28875,16.28875,16.029375,16.133125,33700,-0.2075,0
11,1977,1,18,16.133125,16.184999,16.029375,16.184999,34200,0,1
12,1977,1,19,16.184999,16.236876,16.081249,16.236876,19600,0,1
13,1977,1,20,16.236876,16.340626,15.925625,16.133125,79400,0,0
14,1977,1,21,16.133125,16.184999,15.9775,16.133125,19200,0,0
15,1977,1,24,16.133125,16.184999,16.029375,16.184999,24000,0,1
16,1977,1,25,16.184999,16.340626,16.184999,16.28875,24900,0,1
17,1977,1,26,16.236876,16.236876,16.081249,16.133125,22800,-0.051874,0
18,1977,1,27,16.133125,16.184999,15.9775,16.184999,26400,0,1
19,1977,1,28,16.133125,16.184999,15.9775,16.184999,26400,-0.051874,1
20,1977,1,31,16.133125,16.133125,15.9775,16.029375,18000,-0.051874,0
21,1977,2,1,16.029375,16.133125,16.029375,16.133125,20100,0,1
22,1977,2,2,16.133125,16.184999,16.029375,16.029375,72000,0,0
23,1977,2,3,16.029375,16.184999,15.87375,16.029375,186900,0,0
24,1977,2,4,16.029375,16.184999,15.9775,16.081249,35600,0,1
25,1977,2,7,16.081249,16.184999,16.029375,16.133125,20600,0,1
26,1977,2,8,16.133125,16.236876,16.081249,16.184999,23500,0,1
27,1977,2,9,16.184999,16.184999,16.029375,16.081249,17200,0,0
28,1977,2,10,16.081249,16.28875,16.081249,16.28875,16300,0,1
29,1977,2,11,16.28875,16.28875,16.133125,16.236876,24700,0,0
30,1977,2,14,16.236876,16.236876,16.133125,16.184999,17200,0,0
31,1977,2,15,16.184999,16.184999,16.081249,16.184999,16800,0,0
32,1977,2,16,16.184999,16.236876,16.081249,16.184999,25200,0,0
33,1977,2,17,16.184999,16.236876,16.133125,16.133125,22300,0,0
34,1977,2,18,16.133125,16.28875,16.081249,16.28875,26100,0,1
35,1977,2,22,16.28875,16.28875,16.184999,16.28875,17500,0,0
36,1977,2,23,16.28875,16.340626,16.236876,16.340626,44200,0,1
37,1977,2,24,16.340626,16.340626,16.236876,16.340626,80600,0,0
38,1977,2,25,16.28875,16.28875,16.184999,16.184999,18000,-0.051876,0
39,1977,2,28,16.184999,16.28875,15.9775,16.133125,35100,0,0
40,1977,3,1,16.133125,16.28875,16.029375,16.184999,47100,0,1
41,1977,3,2,16.184999,16.340626,16.184999,16.340626,36300,0,1
42,1977,3,3,16.340626,16.340626,16.236876,16.340626,68400,0,0
43,1977,3,4,16.340626,16.444374,16.28875,16.444374,43500,0,1
44,1977,3,7,16.444374,16.49625,16.340626,16.444374,21100,0,0
45,1977,3,8,16.444374,16.548124,16.340626,16.340626,43500,0,0
46,1977,3,9,16.340626,16.340626,16.236876,16.28875,21600,0,0
47,1977,3,10,16.28875,16.340626,16.133125,16.236876,25400,0,0
48,1977,3,11,16.236876,16.340626,16.236876,16.28875,24700,0,1
49,1977,3,14,16.28875,16.3925,16.236876,16.3925,28800,0,1
50,1977,3,15,16.444374,16.6,16.444374,16.49625,103500,0.051874,1
51,1977,3,16,16.49625,16.703751,16.49625,16.6,85900,0,1
52,1977,3,17,16.6,16.651875,16.444374,16.548124,40900,0,0
53,1977,3,18,16.548124,16.6,16.49625,16.49625,22500,0,0
54,1977,3,21,16.49625,16.651875,16.49625,16.548124,31800,0,1
55,1977,3,22,16.548124,16.548124,16.3925,16.444374,33200,0,0
56,1977,3,23,16.444374,16.548124,16.444374,16.49625,29200,0,1
57,1977,3,24,16.49625,16.49625,16.444374,16.49625,31000,0,0
58,1977,3,25,16.49625,16.49625,16.236876,16.340626,20400,0,0
59,1977,3,28,16.28875,16.28875,16.133125,16.28875,33700,-0.051876,0
60,1977,3,29,16.28875,16.340626,16.236876,16.340626,13600,0,1
61,1977,3,30,16.340626,16.340626,16.28875,16.28875,15800,0,0
62,1977,3,31,16.28875,16.3925,16.28875,16.28875,44000,0,0
63,1977,4,1,16.28875,16.444374,16.28875,16.3925,31500,0,1
64,1977,4,4,16.3925,16.444374,16.28875,16.340626,17700,0,0
65,1977,4,5,16.340626,16.3925,16.133125,16.340626,37500,0,0
66,1977,4,6,16.340626,16.49625,16.340626,16.3925,21300,0,1
67,1977,4,7,16.444374,16.548124,16.444374,16.548124,24200,0.051874,1
68,1977,4,11,16.548124,16.651875,16.444374,16.49625,42300,0,0
69,1977,4,12,16.49625,16.807501,16.49625,16.807501,24400,0,1
70,1977,4,13,16.807501,16.911249,16.6,16.911249,144200,0,1
71,1977,4,14,16.911249,17.170626,16.911249,17.014999,49300,0,1
72,1977,4,15,17.014999,17.170626,16.911249,16.911249,33000,0,0
73,1977,4,18,16.703751,16.703751,16.49625,16.548124,37000,-0.207498,0
74,1977,4,19,16.49625,16.49625,16.3925,16.3925,57000,-0.051874,0
75,1977,4,20,16.49625,16.6,16.49625,16.6,28500,0.10375,1
76,1977,4,21,16.6,16.6,16.49625,16.548124,16500,0,0
77,1977,4,22,16.548124,16.6,16.444374,16.444374,24900,0,0
78,1977,4,25,16.444374,16.49625,16.236876,16.236876,22500,0,0
79,1977,4,26,16.236876,16.3925,16.184999,16.3925,23700,0,1
80,1977,4,27,16.3925,16.6,16.340626,16.444374,27600,0,1
81,1977,4,28,16.444374,16.548124,16.3925,16.444374,19900,0,0
82,1977,4,29,16.444374,16.548124,16.3925,16.49625,34200,0,1
83,1977,5,2,16.49625,16.703751,16.444374,16.6,34200,0,1
84,1977,5,3,16.6,16.703751,16.548124,16.6,21300,0,0
85,1977,5,4,16.6,16.703751,16.548124,16.651875,21100,0,1
86,1977,5,5,16.651875,16.651875,16.548124,16.6,20600,0,0
87,1977,5,6,16.6,16.6,16.444374,16.6,14400,0,0
88,1977,5,9,16.6,16.755625,16.49625,16.651875,49000,0,1
89,1977,5,10,16.651875,16.755625,16.651875,16.651875,16300,0,0
90,1977,5,11,16.651875,16.755625,16.6,16.703751,17000,0,1
91,1977,5,12,16.703751,16.755625,16.548124,16.651875,39400,0,0
92,1977,5,13,16.651875,16.703751,16.6,16.6,11500,0,0
93,1977,5,16,16.6,16.651875,16.6,16.6,24200,0,0
94,1977,5,17,16.6,16.755625,16.6,16.703751,29700,0,1
95,1977,5,18,16.703751,16.755625,16.651875,16.703751,35400,0,0
96,1977,5,19,16.703751,16.859375,16.651875,16.703751,53400,0,0
97,1977,5,20,16.807501,16.911249,16.807501,16.911249,19600,0.10375,1
98,1977,5,23,16.859375,16.859375,16.703751,16.755625,23000,-0.051874,0
99,1977,5,24,16.755625,16.807501,16.6,16.703751,23700,0,0
100,1977,5,25,16.703751,16.807501,16.651875,16.755625,25900,0,1
101,1977,5,26,16.755625,16.755625,16.6,16.703751,14100,0,0
102,1977,5,27,16.703751,16.703751,16.6,16.6,15800,0,0
103,1977,5,31,16.6,16.6,16.340626,16.49625,28800,0,0
104,1977,6,1,16.49625,16.6,16.444374,16.548124,14600,0,1
105,1977,6,2,16.548124,16.651875,16.49625,16.651875,30100,0,1
106,1977,6,3,16.651875,16.703751,16.6,16.703751,26400,0,1
107,1977,6,6,16.703751,16.703751,16.3925,16.444374,35600,0,0
108,1977,6,7,16.444374,16.651875,16.3925,16.6,43300,0,1
109,1977,6,8,16.6,16.651875,16.49625,16.548124,25400,0,0
110,1977,6,9,16.548124,16.6,16.49625,16.6,14400,0,1
111,1977,6,10,16.6,16.6,16.49625,16.6,11500,0,0
112,1977,6,13,16.6,16.6,16.49625,16.6,13900,0,0
113,1977,6,14,16.6,16.6,16.3925,16.6,16300,0,0
114,1977,6,15,16.6,16.6,16.444374,16.49625,19600,0,0
115,1977,6,16,16.49625,16.49625,16.340626,16.49625,73600,0,0
116,1977,6,17,16.49625,16.548124,16.444374,16.548124,40400,0,1
117,1977,6,20,16.548124,16.548124,16.3925,16.49625,14600,0,0
118,1977,6,21,16.49625,16.6,16.49625,16.49625,33000,0,0
119,1977,6,22,16.49625,16.548124,16.444374,16.548124,16300,0,1
120,1977,6,23,16.548124,16.6,16.49625,16.6,20100,0,1
121,1977,6,24,16.6,16.651875,16.49625,16.6,47100,0,0
122,1977,6,27,16.6,16.651875,16.49625,16.49625,22300,0,0
123,1977,6,28,16.49625,16.548124,16.49625,16.49625,19600,0,0
124,1977,6,29,16.49625,16.6,16.340626,16.6,16300,0,1
125,1977,6,30,16.6,16.6,16.548124,16.548124,46400,0,0
126,1977,7,1,16.6,16.703751,16.6,16.703751,22000,0.051876,1
127,1977,7,5,16.703751,16.807501,16.651875,16.755625,27800,0,1
128,1977,7,6,16.859375,16.963125,16.859375,16.859375,24200,0.10375,0
129,1977,7,7,16.859375,17.014999,16.859375,17.014999,46600,0,1
130,1977,7,8,17.014999,17.066875,16.911249,17.014999,20400,0,0
131,1977,7,11,17.014999,17.11875,16.963125,17.11875,23000,0,1
132,1977,7,12,17.11875,17.170626,17.014999,17.11875,33900,0,0
133,1977,7,13,17.11875,17.170626,17.066875,17.170626,22500,0,1
134,1977,7,15,17.170626,17.2225,17.11875,17.170626,27100,0,0
135,1977,7,18,17.014999,17.014999,16.755625,16.859375,18900,-0.155627,0
136,1977,7,19,16.859375,17.11875,16.859375,17.11875,19600,0,1
137,1977,7,20,17.11875,17.274376,17.11875,17.2225,36800,0,1
138,1977,7,21,17.2225,17.32625,17.2225,17.32625,23700,0,1
139,1977,7,22,17.274376,17.274376,17.066875,17.066875,30600,-0.051874,0
140,1977,7,25,17.066875,17.170626,17.066875,17.11875,53400,0,1
141,1977,7,26,17.11875,17.2225,17.066875,17.170626,19200,0,1
142,1977,7,27,17.170626,17.274376,17.066875,17.11875,15800,0,0
143,1977,7,28,17.11875,17.11875,16.911249,16.963125,39200,0,0
144,1977,7,29,16.963125,17.066875,16.755625,16.859375,34400,0,0
145,1977,8,1,16.859375,16.963125,16.807501,16.807501,31800,0,0
146,1977,8,2,16.807501,16.859375,16.703751,16.859375,17200,0,1
147,1977,8,3,16.859375,16.963125,16.703751,16.911249,19400,0,1
148,1977,8,4,16.911249,17.066875,16.859375,17.066875,20400,0,1
149,1977,8,5,17.066875,17.274376,17.014999,17.274376,21100,0,1
150,1977,8,8,17.274376,17.274376,17.11875,17.11875,18000,0,0
151,1977,8,9,17.11875,17.170626,16.859375,16.859375,19200,0,0
152,1977,8,10,16.859375,17.11875,16.859375,17.11875,17200,0,1
153,1977,8,11,17.11875,17.274376,16.963125,16.963125,25400,0,0
154,1977,8,12,16.963125,16.963125,16.807501,16.859375,10000,0,0
155,1977,8,15,16.859375,16.911249,16.49625,16.703751,12700,0,0
156,1977,8,16,16.444374,16.444374,16.029375,16.029375,15100,-0.259377,0
157,1977,8,17,15.87375,15.87375,15.510625,15.87375,46400,-0.155625,0
158,1977,8,18,15.87375,15.925625,15.821875,15.925625,14800,0,1
159,1977,8,19,15.925625,15.9775,15.77,15.821875,31500,0,0
160,1977,8,22,15.821875,15.9775,15.77,15.87375,18200,0,1
161,1977,8,23,15.87375,15.9775,15.821875,15.9775,13200,0,1
162,1977,8,24,15.9775,16.029375,15.87375,15.9775,13200,0,0
163,1977,8,25,15.9775,16.029375,15.925625,15.9775,12700,0,0
164,1977,8,26,16.029375,16.28875,16.029375,16.236876,37800,0.051875,1
165,1977,8,29,16.236876,16.3925,16.236876,16.28875,18200,0,1
166,1977,8,30,16.28875,16.340626,16.28875,16.28875,53100,0,0
167,1977,8,31,16.28875,16.444374,16.28875,16.444374,26400,0,1
168,1977,9,1,16.49625,16.6,16.49625,16.49625,26800,0.051876,0
169,1977,9,2,16.6,16.755625,16.6,16.703751,17700,0.10375,1
170,1977,9,6,16.703751,16.755625,16.6,16.651875,32500,0,0
171,1977,9,7,16.651875,16.807501,16.6,16.807501,14800,0,1
172,1977,9,8,16.807501,17.11875,16.755625,16.807501,23000,0,0
173,1977,9,9,16.755625,16.755625,16.6,16.703751,30100,-0.051876,0
174,1977,9,12,16.651875,16.651875,16.548124,16.6,24900,-0.051876,0
175,1977,9,13,16.6,16.703751,16.444374,16.651875,34600,0,1
176,1977,9,14,16.651875,16.703751,16.548124,16.651875,19900,0,0
177,1977,9,15,16.651875,16.651875,16.6,16.6,35800,0,0
178,1977,9,16,16.6,16.651875,16.6,16.651875,47400,0,1
179,1977,9,19,16.651875,16.651875,16.548124,16.6,17500,0,0
180,1977,9,20,16.6,16.651875,16.49625,16.6,34900,0,0
181,1977,9,21,16.6,16.703751,16.444374,16.49625,105000,0,0
182,1977,9,22,16.49625,16.49625,16.28875,16.340626,58400,0,0
183,1977,9,23,16.340626,16.340626,16.236876,16.28875,9600,0,0
184,1977,9,26,16.28875,16.28875,16.081249,16.133125,28300,0,0
185,1977,9,27,16.133125,16.236876,15.9775,16.081249,27600,0,0
186,1977,9,28,16.081249,16.133125,15.9775,15.9775,14400,0,0
187,1977,9,29,15.9775,16.133125,15.925625,16.133125,19900,0,1
188,1977,9,30,16.133125,16.184999,16.029375,16.184999,21800,0,1
189,1977,10,3,16.236876,16.444374,16.236876,16.444374,22800,0.051877,1
190,1977,10,4,16.444374,16.548124,16.184999,16.444374,23700,0,0
191,1977,10,5,16.444374,16.49625,16.340626,16.3925,17000,0,0
192,1977,10,6,16.3925,16.6,16.340626,16.49625,67900,0,1
193,1977,10,7,16.49625,16.548124,16.3925,16.49625,155600,0,0
194,1977,10,10,16.49625,16.548124,16.444374,16.49625,7900,0,0
195,1977,10,11,16.49625,16.548124,16.340626,16.340626,23500,0,0
196,1977,10,12,16.236876,16.236876,16.029375,16.184999,24000,-0.10375,0
197,1977,10,13,16.133125,16.133125,15.925625,15.925625,31000,-0.051874,0
198,1977,10,14,15.925625,16.029375,15.718125,16.029375,45400,0,1
199,1977,10,17,15.925625,15.925625,15.66625,15.87375,26800,-0.10375,0
200,1977,10,18,15.87375,15.9775,15.5625,15.77,9600,0,0
201,1977,10,19,15.77,15.87375,15.66625,15.66625,25600,0,0
202,1977,10,20,15.66625,15.77,15.406875,15.5625,19600,0,0
203,1977,10,21,15.5625,15.5625,15.406875,15.510625,14600,0,0
204,1977,10,24,15.406875,15.406875,15.1475,15.199375,24400,-0.10375,0
205,1977,10,25,15.1475,15.1475,14.784375,14.94,34600,-0.051875,0
206,1977,10,26,14.94,15.355,14.784375,15.355,34600,0,1
207,1977,10,27,15.355,15.614375,15.303125,15.355,34200,0,0
208,1977,10,28,15.355,15.510625,15.303125,15.406875,9100,0,1
209,1977,10,31,15.406875,15.510625,15.1475,15.25125,22300,0,0
210,1977,11,1,15.25125,15.25125,14.784375,14.784375,15100,0,0
211,1977,11,2,14.784375,14.888125,14.576875,14.680625,24200,0,0
212,1977,11,3,14.680625,14.784375,14.576875,14.784375,28000,0,1
213,1977,11,4,14.888125,15.04375,14.888125,14.991875,19400,0.10375,1
214,1977,11,7,14.991875,15.04375,14.94,14.94,11500,0,0
215,1977,11,8,14.94,15.04375,14.888125,15.04375,21300,0,1
216,1977,11,9,15.095625,15.45875,15.095625,15.45875,21800,0.051875,1
217,1977,11,10,15.45875,15.66625,15.45875,15.5625,54300,0,1
218,1977,11,11,15.614375,16.029375,15.614375,15.925625,25600,0.051875,1
219,1977,11,14,15.925625,16.029375,15.77,15.77,34600,0,0
220,1977,11,15,15.77,15.821875,15.510625,15.821875,37500,0,1
221,1977,11,16,15.87375,15.9775,15.87375,15.9775,19200,0.051875,1
222,1977,11,17,15.9775,16.081249,15.77,15.925625,15100,0,0
223,1977,11,18,15.925625,16.029375,15.821875,15.9775,14800,0,1
224,1977,11,21,16.029375,16.133125,16.029375,16.133125,15300,0.051875,1
225,1977,11,22,16.133125,16.444374,16.081249,16.28875,14800,0,1
226,1977,11,23,16.28875,16.3925,16.081249,16.081249,24000,0,0
227,1977,11,25,16.081249,16.236876,16.081249,16.133125,10800,0,1
228,1977,11,28,16.133125,16.133125,15.87375,15.87375,104700,0,0
229,1977,11,29,15.87375,15.87375,15.718125,15.77,15300,0,0
230,1977,11,30,15.77,15.87375,15.77,15.87375,19400,0,1
231,1977,12,1,15.87375,15.87375,15.718125,15.87375,38000,0,0
232,1977,12,2,15.87375,16.029375,15.87375,16.029375,15800,0,1
233,1977,12,5,16.029375,16.184999,16.029375,16.081249,20400,0,1
234,1977,12,6,16.081249,16.081249,15.925625,15.9775,56000,0,0
235,1977,12,7,15.9775,16.029375,15.821875,15.87375,22500,0,0
236,1977,12,8,15.87375,15.9775,15.718125,15.821875,52200,0,0
237,1977,12,9,15.821875,15.925625,15.77,15.87375,24700,0,1
238,1977,12,12,15.77,16.029375,15.77,15.925625,19900,-0.10375,1
239,1977,12,13,15.925625,15.9775,15.87375,15.9775,10000,0,1
240,1977,12,14,15.9775,16.133125,15.925625,16.081249,20800,0,1
241,1977,12,15,16.081249,16.133125,16.029375,16.081249,24900,0,0
242,1977,12,16,16.081249,16.081249,15.925625,16.081249,37500,0,0
243,1977,12,19,16.081249,16.081249,15.87375,15.9775,49300,0,0
244,1977,12,20,15.9775,15.9775,15.821875,15.925625,23000,0,0
245,1977,12,21,15.925625,16.029375,15.821875,15.9775,24200,0,1
246,1977,12,22,15.9775,16.133125,15.9775,16.029375,19400,0,1
247,1977,12,23,16.081249,16.184999,16.081249,16.184999,39400,0.051874,1
248,1977,12,27,16.184999,16.184999,16.081249,16.081249,23500,0,0
249,1977,12,28,16.081249,16.184999,15.925625,15.9775,38000,0,0
250,1977,12,29,15.9775,16.081249,15.87375,16.029375,37500,0,1
251,1977,12,30,16.029375,16.133125,15.9775,16.081249,48600,0,1
252,1978,1,3,16.081249,16.133125,15.9775,16.133125,13400,0,1
253,1978,1,4,16.081249,16.081249,15.925625,15.925625,9600,-0.051876,0
254,1978,1,5,15.9775,16.081249,15.9775,16.029375,18700,0.051875,1
255,1978,1,6,16.029375,16.081249,15.821875,15.821875,24200,0,0
256,1978,1,9,15.77,15.77,15.406875,15.406875,32700,-0.051875,0
257,1978,1,10,15.406875,15.510625,15.303125,15.355,22500,0,0
258,1978,1,11,15.355,15.406875,15.199375,15.406875,25600,0,1
259,1978,1,12,15.406875,15.45875,15.25125,15.355,12400,0,0
260,1978,1,13,15.355,15.5625,15.355,15.45875,12400,0,1
261,1978,1,16,15.45875,15.45875,15.095625,15.095625,18900,0,0
262,1978,1,17,15.095625,15.25125,15.04375,15.1475,14800,0,1
263,1978,1,18,15.1475,15.355,15.095625,15.355,12000,0,1
264,1978,1,19,15.355,15.45875,15.04375,15.04375,29700,0,0
265,1978,1,20,15.095625,15.199375,15.095625,15.199375,1200,0.051875,1
266,1978,1,23,15.199375,15.303125,15.095625,15.303125,9800,0,1
267,1978,1,24,15.303125,15.303125,15.1475,15.199375,15800,0,0
268,1978,1,25,15.199375,15.25125,15.095625,15.095625,17000,0,0
269,1978,1,26,15.095625,15.199375,15.04375,15.04375,8800,0,0
270,1978,1,27,14.991875,14.991875,14.83625,14.888125,23700,-0.051875,0
271,1978,1,30,14.94,15.095625,14.94,15.04375,13200,0.051875,1
272,1978,1,31,15.04375,15.1475,14.991875,15.1475,19900,0,1
273,1978,2,1,15.1475,15.1475,14.991875,14.991875,15800,0,0
274,1978,2,2,15.04375,15.303125,15.04375,15.25125,10800,0.051875,1
275,1978,2,3,15.25125,15.303125,15.199375,15.25125,16000,0,0
276,1978,2,6,15.25125,15.25125,15.04375,15.04375,10300,0,0
277,1978,2,7,15.095625,15.199375,15.095625,15.1475,11000,0.051875,1
278,1978,2,8,15.1475,15.25125,15.095625,15.25125,32700,0,1
279,1978,2,9,15.25125,15.25125,15.1475,15.25125,14800,0,0
280,1978,2,10,15.25125,15.25125,15.1475,15.25125,14600,0,0
281,1978,2,13,15.25125,15.25125,15.199375,15.25125,7200,0,0
282,1978,2,14,15.25125,15.25125,15.095625,15.199375,16800,0,0
283,1978,2,15,15.1475,15.1475,15.04375,15.1475,22000,-0.051875,0
284,1978,2,16,15.095625,15.095625,14.991875,14.991875,21600,-0.051875,0
285,1978,2,17,14.991875,15.095625,14.991875,15.04375,8100,0,1
286,1978,2,21,15.04375,15.095625,14.94,14.94,10500,0,0
287,1978,2,22,14.94,15.04375,14.888125,15.04375,22800,0,1
288,1978,2,23,15.04375,15.095625,14.991875,15.04375,12200,0,0
289,1978,2,24,15.04375,15.1475,15.04375,15.04375,17500,0,0
290,1978,2,27,15.04375,15.1475,14.991875,15.095625,41800,0,1
291,1978,2,28,15.04375,15.04375,14.94,14.94,12900,-0.051875,0
292,1978,3,1,14.94,14.991875,14.62875,14.62875,39400,0,0
293,1978,3,2,14.62875,14.7325,14.525,14.680625,23500,0,1
294,1978,3,3,14.680625,14.7325,14.473125,14.576875,44000,0,0
295,1978,3,6,14.525,14.525,14.42125,14.42125,17200,-0.051875,0
296,1978,3,7,14.42125,14.62875,14.369375,14.62875,39400,0,1
297,1978,3,8,14.62875,14.83625,14.576875,14.83625,16800,0,1
298,1978,3,9,14.83625,14.83625,14.525,14.525,52200,0,0
299,1978,3,10,14.525,14.62875,14.369375,14.62875,88800,0,1
300,1978,3,13,14.62875,14.83625,14.62875,14.7325,87800,0,1
301,1978,3,14,14.7325,14.7325,14.525,14.680625,106600,0,0
302,1978,3,15,14.680625,14.680625,14.576875,14.680625,18700,0,0
303,1978,3,16,14.680625,14.784375,14.62875,14.62875,24400,0,0
304,1978,3,17,14.62875,14.680625,14.62875,14.62875,53400,0,0
305,1978,3,20,14.62875,14.888125,14.62875,14.7325,35800,0,1
306,1978,3,21,14.7325,14.784375,14.680625,14.784375,55500,0,1
307,1978,3,22,14.784375,14.784375,14.62875,14.62875,26800,0,0
308,1978,3,23,14.62875,14.680625,14.62875,14.680625,34900,0,1
309,1978,3,27,14.680625,14.680625,14.525,14.62875,51700,0,0
310,1978,3,28,14.62875,14.680625,14.576875,14.576875,18400,0,0
311,1978,3,29,14.7325,14.991875,14.7325,14.991875,121200,0.155625,1
312,1978,3,30,14.991875,15.1475,14.94,15.04375,60200,0,1
313,1978,3,31,15.04375,15.5625,15.04375,15.5625,35400,0,1
314,1978,4,3,15.5625,15.5625,15.406875,15.45875,31000,0,0
315,1978,4,4,15.5625,15.718125,15.5625,15.66625,24400,0.10375,1
316,1978,4,5,15.66625,16.029375,15.66625,16.029375,24200,0,1
317,1978,4,6,16.029375,16.081249,15.87375,15.925625,24200,0,0
318,1978,4,7,15.925625,16.340626,15.87375,16.133125,18900,0,1
319,1978,4,10,16.184999,16.340626,16.184999,16.236876,24700,0.051874,1
320,1978,4,11,16.236876,16.340626,16.081249,16.081249,51000,0,0
321,1978,4,12,16.081249,16.133125,15.77,15.925625,117400,0,0
322,1978,4,13,15.925625,16.029375,15.821875,15.9775,28500,0,1
323,1978,4,14,16.029375,16.184999,16.029375,16.133125,51400,0.051875,1
324,1978,4,17,16.133125,16.340626,15.821875,16.236876,76500,0,1
325,1978,4,18,16.236876,16.3925,16.133125,16.184999,129300,0,0
326,1978,4,19,16.184999,16.236876,15.925625,16.184999,74800,0,0
327,1978,4,20,16.184999,16.28875,16.133125,16.184999,43300,0,0
328,1978,4,21,16.184999,16.28875,16.133125,16.28875,26600,0,1
329,1978,4,24,16.28875,16.28875,16.184999,16.236876,18900,0,0
330,1978,4,25,16.236876,16.444374,16.236876,16.28875,36300,0,1
331,1978,4,26,16.28875,16.3925,16.184999,16.184999,53800,0,0
332,1978,4,27,16.184999,16.28875,16.133125,16.184999,30600,0,0
333,1978,4,28,16.184999,16.49625,16.133125,16.3925,37000,0,1
334,1978,5,1,16.3925,16.49625,16.340626,16.444374,50500,0,1
335,1978,5,2,16.444374,16.651875,16.3925,16.49625,114100,0,1
336,1978,5,3,16.548124,16.651875,16.548124,16.548124,35100,0.051874,0
337,1978,5,4,16.548124,16.651875,16.49625,16.6,34400,0,1
338,1978,5,5,16.6,16.651875,16.548124,16.548124,26800,0,0
339,1978,5,8,16.548124,16.755625,16.548124,16.651875,38200,0,1
340,1978,5,9,16.651875,16.703751,16.548124,16.548124,20600,0,0
341,1978,5,10,16.6,16.703751,16.6,16.6,24200,0.051876,0
342,1978,5,11,16.6,16.651875,16.548124,16.651875,124000,0,1
343,1978,5,12,16.651875,16.963125,16.6,16.911249,46400,0,1
344,1978,5,15,16.911249,16.963125,16.651875,16.807501,39200,0,0
345,1978,5,16,16.911249,17.170626,16.911249,17.066875,57400,0.103748,1
346,1978,5,17,17.066875,17.066875,16.911249,16.911249,53100,0,0
347,1978,5,18,16.911249,16.963125,16.755625,16.911249,80600,0,0
348,1978,5,19,16.859375,16.859375,16.755625,16.755625,62600,-0.051874,0
349,1978,5,22,16.755625,16.859375,16.651875,16.703751,30800,0,0
350,1978,5,23,16.703751,16.807501,16.6,16.703751,48800,0,0
351,1978,5,24,16.703751,16.703751,16.444374,16.651875,72000,0,0
352,1978,5,25,16.651875,16.703751,16.6,16.703751,86100,0,1
353,1978,5,26,16.703751,16.755625,16.651875,16.703751,50000,0,0
354,1978,5,30,16.703751,16.755625,16.651875,16.703751,16500,0,0
355,1978,5,31,16.703751,16.859375,16.651875,16.859375,28000,0,1
356,1978,6,1,16.755625,16.755625,16.6,16.755625,41400,-0.10375,0
357,1978,6,2,16.755625,16.755625,16.651875,16.651875,49800,0,0
358,1978,6,5,16.703751,16.859375,16.703751,16.859375,17700,0.051876,1
359,1978,6,6,16.911249,17.11875,16.911249,17.014999,61900,0.051874,1
360,1978,6,7,17.014999,17.014999,16.859375,16.963125,73600,0,0
361,1978,6,8,16.963125,17.014999,16.911249,17.014999,17500,0,1
362,1978,6,9,17.014999,17.014999,16.807501,16.963125,40900,0,0
363,1978,6,12,16.963125,17.014999,16.911249,16.911249,15100,0,0
364,1978,6,13,16.911249,16.911249,16.755625,16.911249,20100,0,0
365,1978,6,14,16.911249,17.066875,16.911249,17.014999,89700,0,1
366,1978,6,15,16.963125,16.963125,16.755625,16.963125,15100,-0.051874,0
367,1978,6,16,17.014999,17.170626,17.014999,17.170626,55500,0.051874,1
368,1978,6,19,17.170626,17.481874,17.170626,17.481874,65700,0,1
369,1978,6,20,17.481874,17.533751,17.32625,17.533751,35600,0,1
370,1978,6,21,17.43,17.533751,17.32625,17.533751,35600,-0.103751,1
371,1978,6,22,17.533751,17.741249,17.481874,17.741249,27300,0,1
372,1978,6,23,17.741249,17.741249,17.533751,17.741249,93400,0,0
373,1978,6,26,17.689375,17.689375,17.43,17.43,46900,-0.051874,0
374,1978,6,27,17.43,17.844999,17.43,17.741249,197000,0,1
375,1978,6,28,17.741249,17.793125,17.533751,17.585625,349300,0,0
376,1978,6,29,17.585625,17.637501,17.43,17.43,76800,0,0
377,1978,6,30,17.43,17.533751,17.378124,17.481874,11700,0,1
378,1978,7,3,17.481874,17.533751,17.378124,17.378124,12700,0,0
379,1978,7,5,17.378124,17.378124,17.2225,17.274376,29700,0,0
380,1978,7,6,17.274376,17.378124,17.274376,17.32625,11700,0,1
381,1978,7,7,17.32625,17.533751,17.32625,17.378124,17200,0,1
382,1978,7,10,17.378124,17.481874,17.378124,17.43,25400,0,1
383,1978,7,11,17.43,17.481874,17.378124,17.43,30800,0,0
384,1978,7,12,17.43,17.533751,17.43,17.43,9300,0,0
385,1978,7,13,17.43,17.533751,17.43,17.43,12700,0,0
386,1978,7,14,17.43,17.585625,17.43,17.533751,10000,0,1
387,1978,7,17,17.274376,17.274376,17.11875,17.2225,27100,-0.259375,0
388,1978,7,18,17.2225,17.2225,17.066875,17.170626,15100,0,0
389,1978,7,19,17.170626,17.274376,17.11875,17.2225,20100,0,1
390,1978,7,20,17.2225,17.378124,17.2225,17.32625,48800,0,1
391,1978,7,21,17.32625,17.378124,17.2225,17.378124,22500,0,1
392,1978,7,24,17.378124,17.378124,17.170626,17.378124,22000,0,0
393,1978,7,25,17.378124,17.43,17.274376,17.43,23000,0,1
394,1978,7,26,17.43,17.481874,17.378124,17.43,146400,0,0
395,1978,7,27,17.43,17.481874,17.32625,17.378124,17000,0,0
396,1978,7,28,17.378124,17.43,17.32625,17.43,25400,0,1
397,1978,7,31,17.43,17.481874,17.32625,17.378124,23700,0,0
398,1978,8,1,17.378124,17.43,17.32625,17.378124,30800,0,0
399,1978,8,2,17.43,17.637501,17.43,17.585625,28800,0.051876,1
400,1978,8,3,17.585625,17.741249,17.533751,17.689375,42800,0,1
401,1978,8,4,17.689375,17.844999,17.637501,17.793125,44200,0,1
402,1978,8,7,17.793125,17.844999,17.637501,17.637501,18400,0,0
403,1978,8,8,17.637501,17.896875,17.637501,17.844999,22300,0,1
404,1978,8,9,17.844999,17.896875,17.793125,17.793125,32000,0,0
405,1978,8,10,17.844999,18.000626,17.844999,17.896875,24000,0.051874,1
406,1978,8,11,17.896875,17.896875,17.741249,17.793125,28800,0,0
407,1978,8,14,17.793125,17.844999,17.585625,17.741249,20600,0,0
408,1978,8,15,17.741249,17.793125,17.637501,17.741249,15300,0,0
409,1978,8,16,17.741249,17.793125,17.689375,17.689375,72900,0,0
410,1978,8,17,17.689375,17.793125,17.689375,17.793125,49500,0,1
411,1978,8,18,17.793125,17.793125,17.689375,17.793125,23700,0,0
412,1978,8,21,17.793125,17.793125,17.637501,17.793125,28000,0,0
413,1978,8,22,17.741249,17.741249,17.533751,17.741249,13200,-0.051876,0
414,1978,8,23,17.741249,17.741249,17.585625,17.585625,21600,0,0
415,1978,8,24,17.585625,17.637501,17.533751,17.533751,13600,0,0
416,1978,8,25,17.533751,17.741249,17.481874,17.741249,28500,0,1
417,1978,8,28,17.741249,17.793125,17.689375,17.689375,19900,0,0
418,1978,8,29,17.689375,17.793125,17.378124,17.585625,24000,0,0
419,1978,8,30,17.585625,17.741249,17.533751,17.689375,23200,0,1
420,1978,8,31,17.689375,17.793125,17.481874,17.533751,14800,0,0
421,1978,9,1,17.533751,17.533751,17.274376,17.32625,21300,0,0
422,1978,9,5,17.32625,17.32625,16.755625,16.755625,17700,0,0
423,1978,9,6,16.859375,17.014999,16.859375,16.963125,25600,0.10375,1
424,1978,9,7,17.014999,17.170626,17.014999,17.11875,18700,0.051874,1
425,1978,9,8,17.11875,17.274376,17.066875,17.11875,21600,0,0
426,1978,9,11,17.11875,17.378124,17.11875,17.170626,25600,0,1
427,1978,9,12,17.170626,17.32625,17.170626,17.2225,15600,0,1
428,1978,9,13,17.2225,17.378124,17.2225,17.32625,41400,0,1
429,1978,9,14,17.32625,17.32625,17.066875,17.170626,23500,0,0
430,1978,9,15,17.170626,17.274376,16.911249,16.911249,21100,0,0
431,1978,9,18,16.911249,17.066875,16.651875,16.651875,24200,0,0
432,1978,9,19,16.651875,16.651875,15.9775,15.9775,46900,0,0
433,1978,9,20,16.029375,16.3925,16.029375,16.133125,34200,0.051875,1
434,1978,9,21,16.133125,16.340626,16.133125,16.184999,14100,0,1
435,1978,9,22,16.184999,16.236876,16.029375,16.184999,14800,0,0
436,1978,9,25,16.184999,16.184999,16.133125,16.133125,11000,0,0
437,1978,9,26,16.133125,16.236876,16.133125,16.133125,20100,0,0
438,1978,9,27,16.133125,16.28875,16.029375,16.029375,17700,0,0
439,1978,9,28,16.029375,16.029375,15.821875,15.9775,21800,0,0
440,1978,9,29,15.9775,16.184999,15.87375,16.184999,23700,0,1
441,1978,10,2,16.184999,16.184999,16.029375,16.081249,6700,0,0
442,1978,10,3,16.081249,16.340626,16.081249,16.133125,15300,0,1
443,1978,10,4,16.133125,16.340626,16.081249,16.28875,16300,0,1
444,1978,10,5,16.28875,16.28875,16.133125,16.28875,13400,0,0
445,1978,10,6,16.28875,16.548124,16.184999,16.49625,23700,0,1
446,1978,10,9,16.49625,16.548124,16.3925,16.49625,7600,0,0
447,1978,10,10,16.49625,16.548124,16.444374,16.444374,7900,0,0
448,1978,10,11,16.444374,16.548124,16.3925,16.444374,11200,0,0
449,1978,10,12,16.444374,16.548124,16.340626,16.3925,16000,0,0
450,1978,10,13,16.3925,16.548124,16.3925,16.444374,17500,0,1
451,1978,10,16,16.029375,16.029375,15.821875,15.821875,26100,-0.414999,0
452,1978,10,17,15.821875,15.87375,15.718125,15.77,22500,0,0
453,1978,10,18,15.77,15.77,15.303125,15.406875,30600,0,0
454,1978,10,19,15.406875,15.406875,15.04375,15.1475,27800,0,0
455,1978,10,20,15.04375,15.04375,14.888125,15.04375,25200,-0.10375,0
456,1978,10,23,15.04375,15.095625,14.94,15.04375,32000,0,0
457,1978,10,24,15.095625,15.303125,15.095625,15.199375,18700,0.051875,1
458,1978,10,25,15.199375,15.25125,14.94,14.94,30300,0,0
459,1978,10,26,14.94,15.095625,14.94,14.94,31800,0,0
460,1978,10,27,14.94,15.095625,14.94,14.991875,12700,0,1
461,1978,10,30,14.991875,15.1475,14.62875,15.1475,41600,0,1
462,1978,10,31,15.1475,15.1475,14.784375,14.94,26800,0,0
463,1978,11,1,14.94,15.095625,14.784375,14.94,20800,0,0
464,1978,11,2,15.1475,15.406875,15.1475,15.1475,33900,0.2075,0
465,1978,11,3,15.1475,15.25125,15.095625,15.1475,14600,0,0
466,1978,11,6,15.1475,15.1475,15.04375,15.04375,27600,0,0
467,1978,11,7,15.04375,15.095625,14.83625,14.83625,11000,0,0
468,1978,11,8,14.83625,14.991875,14.784375,14.991875,19900,0,1
469,1978,11,9,14.991875,15.04375,14.784375,14.784375,16500,0,0
470,1978,11,10,14.784375,14.94,14.784375,14.888125,9600,0,1
471,1978,11,13,14.888125,14.94,14.784375,14.94,30600,0,1
472,1978,11,14,14.94,14.94,14.7325,14.83625,22500,0,0
473,1978,11,15,14.83625,14.991875,14.7325,14.784375,19600,0,0
474,1978,11,16,14.83625,15.04375,14.83625,14.94,14800,0.051875,1
475,1978,11,17,14.94,15.1475,14.83625,15.04375,16800,0,1
476,1978,11,20,15.1475,15.355,15.1475,15.303125,17000,0.10375,1
477,1978,11,21,15.303125,15.303125,15.1475,15.199375,17000,0,0
478,1978,11,22,15.199375,15.303125,15.1475,15.303125,20600,0,1
479,1978,11,24,15.303125,15.45875,15.303125,15.406875,7600,0,1
480,1978,11,27,15.406875,15.5625,15.406875,15.5625,16800,0,1
481,1978,11,28,15.5625,15.5625,15.25125,15.303125,35400,0,0
482,1978,11,29,15.1475,15.1475,14.7325,14.7325,32200,-0.155625,0
483,1978,11,30,14.7325,14.83625,14.680625,14.7325,70300,0,0
484,1978,12,1,14.7325,14.888125,14.7325,14.83625,24200,0,1
485,1978,12,4,14.83625,14.83625,14.680625,14.680625,27100,0,0
486,1978,12,5,14.680625,14.83625,14.525,14.7325,86100,0,1
487,1978,12,6,14.784375,14.94,14.784375,14.94,42600,0.051875,1
488,1978,12,7,14.888125,14.888125,14.784375,14.83625,42600,-0.051875,0
489,1978,12,8,14.83625,14.888125,14.7325,14.784375,78400,0,0
490,1978,12,11,14.784375,14.888125,14.680625,14.7325,21300,0,0
491,1978,12,12,14.7325,14.83625,14.680625,14.83625,20100,0,1
492,1978,12,13,14.784375,14.784375,14.62875,14.7325,29200,-0.051875,0
493,1978,12,14,14.7325,14.888125,14.680625,14.784375,26400,0,1
494,1978,12,15,14.784375,14.888125,14.784375,14.83625,16300,0,1
495,1978,12,18,14.83625,14.83625,14.62875,14.7325,26100,0,0
496,1978,12,19,14.7325,14.888125,14.7325,14.784375,18400,0,1
497,1978,12,20,14.784375,14.784375,14.7325,14.784375,20400,0,0
498,1978,12,21,14.83625,14.94,14.83625,14.83625,18900,0.051875,0
499,1978,12,22,14.83625,15.04375,14.83625,14.94,34200,0,1
500,1978,12,26,14.94,15.04375,14.94,14.94,12400,0,0
501,1978,12,27,14.94,14.94,14.784375,14.784375,12400,0,0
502,1978,12,28,14.784375,14.83625,14.7325,14.83625,39700,0,1
503,1978,12,29,14.83625,14.888125,14.7325,14.888125,15800,0,1
504,1979,1,2,14.888125,14.94,14.784375,14.888125,15300,0,0
505,1979,1,3,14.888125,14.888125,14.83625,14.888125,13200,0,0
506,1979,1,4,14.888125,15.095625,14.83625,14.991875,35400,0,1
507,1979,1,5,14.991875,15.303125,14.991875,15.1475,12900,0,1
508,1979,1,8,15.1475,15.303125,15.04375,15.04375,21100,0,0
509,1979,1,9,15.04375,15.1475,14.991875,15.095625,18400,0,1
510,1979,1,10,15.095625,15.1475,14.991875,15.095625,37300,0,0
511,1979,1,11,15.095625,15.095625,14.991875,15.095625,20100,0,0
512,1979,1,12,15.1475,15.406875,15.1475,15.25125,23000,0.051875,1
513,1979,1,15,15.25125,15.25125,14.94,15.25125,19200,0,0
514,1979,1,16,15.25125,15.25125,14.991875,14.991875,15100,0,0
515,1979,1,17,14.991875,15.04375,14.784375,14.94,19600,0,0
516,1979,1,18,14.94,15.1475,14.83625,15.04375,10800,0,1
517,1979,1,19,15.04375,15.303125,14.991875,15.25125,24400,0,1
518,1979,1,22,15.25125,15.25125,15.095625,15.1475,44700,0,0
519,1979,1,23,15.1475,15.303125,15.095625,15.25125,22800,0,1
520,1979,1,24,15.25125,15.406875,15.199375,15.25125,20100,0,0
521,1979,1,25,15.25125,15.355,15.04375,15.1475,21100,0,0
522,1979,1,26,15.1475,15.303125,15.04375,15.1475,19200,0,0
523,1979,1,29,15.1475,15.303125,15.095625,15.1475,63600,0,0
524,1979,1,30,15.1475,15.303125,15.095625,15.1475,36600,0,0
525,1979,1,31,15.1475,15.25125,15.1475,15.199375,36100,0,1
526,1979,2,1,15.199375,15.303125,15.095625,15.199375,16000,0,0
527,1979,2,2,15.199375,15.303125,15.1475,15.1475,34200,0,0
528,1979,2,5,15.1475,15.199375,15.04375,15.04375,17500,0,0
529,1979,2,6,15.04375,15.199375,14.991875,15.04375,27100,0,0
530,1979,2,7,15.04375,15.1475,14.94,14.991875,35400,0,0
531,1979,2,8,14.991875,15.095625,14.94,14.991875,48800,0,0
532,1979,2,9,14.991875,15.04375,14.83625,14.94,78400,0,0
533,1979,2,12,14.94,14.94,14.7325,14.7325,16000,0,0
534,1979,2,13,14.784375,14.94,14.784375,14.888125,21800,0.051875,1
535,1979,2,14,14.888125,14.888125,14.7325,14.83625,30600,0,0
536,1979,2,15,14.83625,14.888125,14.784375,14.888125,16000,0,1
537,1979,2,16,14.888125,14.888125,14.7325,14.7325,17200,0,0
538,1979,2,20,14.7325,14.888125,14.62875,14.83625,16000,0,1
539,1979,2,21,14.83625,14.83625,14.62875,14.680625,26400,0,0
540,1979,2,22,14.680625,14.680625,14.576875,14.62875,26800,0,0
541,1979,2,23,14.62875,14.62875,14.525,14.576875,55300,0,0
542,1979,2,26,14.576875,14.680625,14.3175,14.473125,23500,0,0
543,1979,2,27,14.473125,14.576875,14.473125,14.473125,21600,0,0
544,1979,2,28,14.473125,14.62875,14.473125,14.62875,26600,0,1
545,1979,3,1,14.62875,14.62875,14.525,14.525,19200,0,0
546,1979,3,2,14.525,14.784375,14.525,14.7325,32500,0,1
547,1979,3,5,14.7325,14.888125,14.7325,14.83625,28300,0,1
548,1979,3,6,14.83625,14.94,14.83625,14.888125,40600,0,1
549,1979,3,7,14.888125,15.199375,14.888125,14.94,102800,0,1
550,1979,3,8,14.94,15.095625,14.888125,15.095625,18700,0,1
551,1979,3,9,15.095625,15.1475,14.888125,14.888125,152700,0,0
552,1979,3,12,14.888125,14.94,14.83625,14.888125,15100,0,0
553,1979,3,13,14.94,15.095625,14.94,15.04375,21300,0.051875,1
554,1979,3,14,15.095625,15.199375,15.095625,15.1475,29700,0.051875,1
555,1979,3,15,15.303125,15.45875,15.303125,15.45875,27300,0.155625,1
556,1979,3,16,15.510625,15.718125,15.510625,15.66625,15800,0.051875,1
557,1979,3,19,15.66625,15.66625,15.5625,15.614375,14600,0,0
558,1979,3,20,15.614375,15.718125,15.510625,15.510625,30800,0,0
559,1979,3,21,15.510625,15.5625,15.303125,15.5625,25600,0,1
560,1979,3,22,15.5625,15.718125,15.510625,15.5625,25600,0,0
561,1979,3,23,15.5625,15.614375,15.355,15.355,17500,0,0
562,1979,3,26,15.355,15.510625,15.355,15.510625,38200,0,1
563,1979,3,27,15.510625,15.5625,15.406875,15.5625,10500,0,1
564,1979,3,28,15.614375,15.718125,15.614375,15.66625,26400,0.051875,1
565,1979,3,29,15.66625,15.718125,15.510625,15.614375,18400,0,0
566,1979,3,30,15.614375,15.77,15.614375,15.77,20100,0,1
567,1979,4,2,15.718125,15.718125,15.45875,15.45875,20400,-0.051875,0
568,1979,4,3,15.45875,15.5625,15.303125,15.5625,21100,0,1
569,1979,4,4,15.5625,15.66625,15.5625,15.614375,49500,0,1
570,1979,4,5,15.66625,15.87375,15.66625,15.66625,22800,0.051875,0
571,1979,4,6,15.66625,15.9775,15.66625,15.9775,16500,0,1
572,1979,4,9,15.9775,16.081249,15.66625,15.66625,47400,0,0
573,1979,4,10,15.66625,15.66625,15.510625,15.5625,26800,0,0
574,1979,4,11,15.5625,15.66625,15.199375,15.5625,14400,0,0
575,1979,4,12,15.5625,15.77,15.5625,15.66625,22500,0,1
576,1979,4,16,15.355,15.355,15.199375,15.25125,28300,-0.31125,0
577,1979,4,17,15.25125,15.355,15.199375,15.303125,23700,0,1
578,1979,4,18,15.303125,15.510625,15.303125,15.355,18900,0,1
579,1979,4,19,15.355,15.66625,15.355,15.510625,23200,0,1
580,1979,4,20,15.510625,15.510625,15.199375,15.25125,26100,0,0
581,1979,4,23,15.25125,15.355,15.199375,15.303125,20400,0,1
582,1979,4,24,15.355,15.925625,15.355,15.87375,37300,0.051875,1
583,1979,4,25,15.87375,16.029375,15.821875,15.9775,26100,0,1
584,1979,4,26,15.9775,16.081249,15.87375,16.081249,51700,0,1
585,1979,4,27,16.081249,16.133125,15.925625,16.081249,35400,0,0
586,1979,4,30,16.081249,16.184999,16.081249,16.081249,39400,0,0
587,1979,5,1,16.081249,16.340626,16.081249,16.340626,34900,0,1
588,1979,5,2,16.28875,16.28875,16.029375,16.029375,47800,-0.051876,0
589,1979,5,3,16.029375,16.133125,16.029375,16.081249,12700,0,1
590,1979,5,4,16.081249,16.133125,15.925625,15.925625,126900,0,0
591,1979,5,7,15.821875,15.821875,15.510625,15.510625,26100,-0.10375,0
592,1979,5,8,15.510625,15.66625,15.406875,15.66625,18400,0,1
593,1979,5,9,15.66625,15.66625,15.5625,15.66625,23000,0,0
594,1979,5,10,15.66625,15.87375,15.614375,15.66625,36100,0,0
595,1979,5,11,15.66625,15.66625,15.614375,15.66625,26600,0,0
596,1979,5,14,15.66625,15.77,15.5625,15.614375,23000,0,0
597,1979,5,15,15.614375,15.66625,15.614375,15.66625,18700,0,1
598,1979,5,16,15.66625,15.66625,15.510625,15.510625,27300,0,0
599,1979,5,17,15.510625,15.614375,15.355,15.355,51700,0,0
600,1979,5,18,15.45875,15.510625,15.45875,15.45875,22800,0.10375,0
601,1979,5,21,15.45875,15.5625,15.355,15.510625,18400,0,1
602,1979,5,22,15.510625,15.66625,15.45875,15.66625,17200,0,1
603,1979,5,23,15.66625,15.925625,15.66625,15.87375,22800,0,1
604,1979,5,24,15.87375,16.029375,15.821875,16.029375,46400,0,1
605,1979,5,25,16.029375,16.029375,15.77,15.925625,16800,0,0
606,1979,5,29,15.925625,16.029375,15.87375,15.9775,46900,0,1
607,1979,5,30,15.925625,15.925625,15.821875,15.821875,15800,-0.051875,0
608,1979,5,31,15.821875,15.925625,15.77,15.821875,83200,0,0
609,1979,6,1,15.821875,15.821875,15.718125,15.718125,33700,0,0
610,1979,6,4,15.718125,15.821875,15.66625,15.821875,23500,0,1
611,1979,6,5,15.821875,15.87375,15.77,15.77,15800,0,0
612,1979,6,6,15.77,15.925625,15.77,15.87375,24400,0,1
613,1979,6,7,15.87375,15.925625,15.821875,15.87375,19400,0,0
614,1979,6,8,15.87375,15.925625,15.77,15.87375,32000,0,0
615,1979,6,11,15.87375,15.87375,15.77,15.77,17000,0,0
616,1979,6,12,15.77,15.925625,15.77,15.821875,18200,0,1
617,1979,6,13,15.821875,15.925625,15.77,15.77,23500,0,0
618,1979,6,14,15.77,15.821875,15.614375,15.77,18700,0,0
619,1979,6,15,15.77,15.87375,15.718125,15.77,17700,0,0
620,1979,6,18,15.77,15.821875,15.77,15.821875,16800,0,1
621,1979,6,19,15.821875,15.87375,15.77,15.77,16500,0,0
622,1979,6,20,15.77,15.87375,15.77,15.87375,12200,0,1
623,1979,6,21,15.87375,15.925625,15.77,15.925625,13400,0,1
624,1979,6,22,15.925625,16.081249,15.821875,16.081249,42600,0,1
625,1979,6,25,16.081249,16.081249,15.925625,16.029375,23200,0,0
626,1979,6,26,16.029375,16.133125,15.9775,15.9775,25600,0,0
627,1979,6,27,15.9775,16.029375,15.9775,16.029375,16000,0,1
628,1979,6,28,16.133125,16.548124,16.133125,16.28875,49500,0.10375,1
629,1979,6,29,16.28875,16.28875,16.133125,16.184999,24200,0,0
630,1979,7,2,16.184999,16.28875,16.184999,16.184999,19600,0,0
631,1979,7,3,16.184999,16.548124,16.184999,16.340626,51700,0,1
632,1979,7,5,16.340626,16.49625,16.28875,16.444374,22500,0,1
633,1979,7,6,16.444374,16.49625,16.340626,16.49625,40900,0,1
634,1979,7,9,16.548124,17.066875,16.548124,17.066875,61200,0.051874,1
635,1979,7,10,17.066875,17.066875,16.963125,16.963125,28500,0,0
636,1979,7,11,16.963125,17.014999,16.911249,16.911249,29000,0,0
637,1979,7,12,16.911249,16.963125,16.911249,16.963125,23700,0,1
638,1979,7,13,16.963125,16.963125,16.859375,16.963125,34200,0,0
639,1979,7,16,16.911249,16.911249,16.651875,16.807501,33000,-0.051876,0
640,1979,7,17,16.807501,16.859375,16.755625,16.755625,21100,0,0
641,1979,7,18,16.755625,16.911249,16.703751,16.703751,53400,0,0
642,1979,7,19,16.651875,16.651875,16.236876,16.340626,23700,-0.051876,0
643,1979,7,20,16.340626,16.3925,16.029375,16.081249,10800,0,0
644,1979,7,23,15.9775,15.9775,15.821875,15.821875,31000,-0.103749,0
645,1979,7,24,15.821875,15.925625,15.77,15.821875,25400,0,0
646,1979,7,25,15.821875,16.081249,15.821875,15.9775,19600,0,1
647,1979,7,26,16.029375,16.133125,16.029375,16.081249,12000,0.051875,1
648,1979,7,27,16.081249,16.133125,15.9775,16.081249,10000,0,0
649,1979,7,30,16.081249,16.133125,16.081249,16.081249,16300,0,0
650,1979,7,31,16.081249,16.081249,15.9775,16.029375,18200,0,0
651,1979,8,1,16.029375,16.133125,16.029375,16.029375,47100,0,0
652,1979,8,2,16.029375,16.133125,15.9775,16.029375,18700,0,0
653,1979,8,3,16.029375,16.133125,15.9775,16.081249,47400,0,1
654,1979,8,6,16.081249,16.133125,15.87375,16.081249,64800,0,0
655,1979,8,7,16.081249,16.28875,16.081249,16.236876,56500,0,1
656,1979,8,8,16.236876,16.3925,16.081249,16.236876,52400,0,0
657,1979,8,9,16.236876,16.340626,16.081249,16.133125,20100,0,0
658,1979,8,10,16.133125,16.184999,16.029375,16.184999,31300,0,1
659,1979,8,13,16.184999,16.184999,16.029375,16.133125,32500,0,0
660,1979,8,14,16.133125,16.184999,16.029375,16.081249,39700,0,0
661,1979,8,15,16.081249,16.184999,16.029375,16.184999,40200,0,1
662,1979,8,16,16.236876,16.49625,16.236876,16.49625,57700,0.051877,1
663,1979,8,17,16.49625,16.6,16.3925,16.49625,52400,0,0
664,1979,8,20,16.49625,16.651875,16.49625,16.6,27100,0,1
665,1979,8,21,16.6,16.651875,16.548124,16.6,23000,0,0
666,1979,8,22,16.6,16.6,16.49625,16.548124,13600,0,0
667,1979,8,23,16.548124,16.651875,16.3925,16.548124,39200,0,0
668,1979,8,24,16.548124,16.6,16.236876,16.28875,29000,0,0
669,1979,8,27,16.28875,16.340626,16.236876,16.236876,17200,0,0
670,1979,8,28,16.28875,16.49625,16.28875,16.340626,29500,0.051874,1
671,1979,8,29,16.340626,16.49625,16.340626,16.49625,39400,0,1
672,1979,8,30,16.49625,16.49625,16.236876,16.28875,49500,0,0
673,1979,8,31,16.28875,16.3925,16.28875,16.3925,15300,0,1
674,1979,9,4,16.3925,16.444374,16.236876,16.3925,124300,0,0
675,1979,9,5,16.3925,16.3925,16.236876,16.28875,45200,0,0
676,1979,9,6,16.28875,16.3925,16.28875,16.340626,16800,0,1
677,1979,9,7,16.340626,16.548124,16.340626,16.49625,45900,0,1
678,1979,9,10,16.444374,16.444374,16.28875,16.3925,47400,-0.051876,0
679,1979,9,11,16.3925,16.49625,16.28875,16.28875,34900,0,0
680,1979,9,12,16.28875,16.3925,16.28875,16.28875,54600,0,0
681,1979,9,13,16.340626,16.49625,16.340626,16.340626,16000,0.051876,0
682,1979,9,14,16.340626,16.444374,16.184999,16.340626,77000,0,0
683,1979,9,17,16.340626,16.3925,16.184999,16.28875,40200,0,0
684,1979,9,18,16.28875,16.28875,16.081249,16.184999,103800,0,0
685,1979,9,19,16.184999,16.184999,15.925625,16.029375,15600,0,0
686,1979,9,20,16.029375,16.236876,16.029375,16.236876,98500,0,1
687,1979,9,21,16.236876,16.340626,16.029375,16.340626,49500,0,1
688,1979,9,24,16.340626,16.340626,16.184999,16.184999,12200,0,0
689,1979,9,25,16.184999,16.340626,16.133125,16.184999,88300,0,0
690,1979,9,26,16.184999,16.28875,16.133125,16.236876,61900,0,1
691,1979,9,27,16.236876,16.28875,16.184999,16.184999,61200,0,0
692,1979,9,28,16.184999,16.28875,16.184999,16.184999,53600,0,0
693,1979,10,1,16.184999,16.236876,16.133125,16.184999,57700,0,0
694,1979,10,2,16.184999,16.184999,16.081249,16.081249,11000,0,0
695,1979,10,3,16.081249,16.133125,15.821875,15.87375,32500,0,0
696,1979,10,4,15.87375,16.184999,15.87375,16.184999,24400,0,1
697,1979,10,5,16.184999,16.184999,15.821875,15.87375,29500,0,0
698,1979,10,8,15.87375,15.9775,15.77,15.77,19400,0,0
699,1979,10,9,15.77,15.87375,15.510625,15.5625,29000,0,0
700,1979,10,10,15.45875,15.45875,14.83625,14.83625,40200,-0.10375,0
701,1979,10,11,14.888125,15.199375,14.888125,14.991875,22500,0.051875,1
702,1979,10,12,15.04375,15.199375,15.04375,15.1475,22500,0.051875,1
703,1979,10,15,15.04375,15.04375,14.83625,14.83625,33000,-0.10375,0
704,1979,10,16,14.83625,14.94,14.62875,14.62875,22000,0,0
705,1979,10,17,14.62875,14.83625,14.62875,14.62875,24700,0,0
706,1979,10,18,14.62875,14.7325,14.62875,14.62875,35800,0,0
707,1979,10,19,14.62875,14.7325,14.62875,14.7325,19600,0,1
708,1979,10,22,14.62875,14.62875,14.21375,14.265625,37300,-0.10375,0
709,1979,10,23,14.42125,14.62875,14.42125,14.576875,40900,0.155625,1
710,1979,10,24,14.576875,14.7325,14.525,14.525,20600,0,0
711,1979,10,25,14.525,14.62875,14.525,14.525,31800,0,0
712,1979,10,26,14.525,14.62875,14.525,14.576875,27800,0,1
713,1979,10,29,14.576875,14.680625,14.576875,14.576875,14800,0,0
714,1979,10,30,14.576875,14.680625,14.525,14.62875,29000,0,1
715,1979,10,31,14.62875,14.7325,14.576875,14.680625,24000,0,1
716,1979,11,1,14.680625,14.784375,14.680625,14.7325,17500,0,1
717,1979,11,2,14.7325,14.83625,14.7325,14.7325,33700,0,0
718,1979,11,5,14.7325,14.784375,14.62875,14.62875,21800,0,0
719,1979,11,6,14.62875,14.680625,14.473125,14.473125,24000,0,0
720,1979,11,7,14.473125,14.576875,14.42125,14.525,22500,0,1
721,1979,11,8,14.525,14.576875,14.42125,14.473125,15300,0,0
722,1979,11,9,14.473125,14.576875,14.473125,14.576875,17700,0,1
723,1979,11,12,14.576875,14.680625,14.525,14.525,20800,0,0
724,1979,11,13,14.525,14.680625,14.473125,14.525,36600,0,0
725,1979,11,14,14.525,14.62875,14.473125,14.473125,15800,0,0
726,1979,11,15,14.473125,14.576875,14.42125,14.473125,15100,0,0
727,1979,11,16,14.473125,14.576875,14.42125,14.473125,26400,0,0
728,1979,11,19,14.473125,14.525,14.3175,14.369375,43300,0,0
729,1979,11,20,14.369375,14.525,14.3175,14.473125,33400,0,1
730,1979,11,21,14.369375,14.369375,14.00625,14.11,27100,-0.10375,0
731,1979,11,23,14.11,14.3175,14.11,14.11,41600,0,0
732,1979,11,26,14.11,14.525,14.058125,14.525,38000,0,1
733,1979,11,27,14.62875,14.83625,14.62875,14.680625,68400,0.10375,1
734,1979,11,28,14.680625,14.94,14.62875,14.83625,28500,0,1
735,1979,11,29,14.83625,14.94,14.7325,14.888125,35600,0,1
736,1979,11,30,14.784375,14.784375,14.473125,14.525,27100,-0.10375,0
737,1979,12,3,14.525,14.525,14.21375,14.369375,41800,0,0
738,1979,12,4,14.369375,14.473125,14.369375,14.369375,17500,0,0
739,1979,12,5,14.369375,14.888125,14.3175,14.3175,42800,0,0
740,1979,12,6,14.3175,14.369375,14.21375,14.3175,18700,0,0
741,1979,12,7,14.3175,14.473125,14.161875,14.21375,18200,0,0
742,1979,12,10,14.21375,14.3175,14.21375,14.265625,37500,0,1
743,1979,12,11,14.265625,14.42125,14.21375,14.42125,34600,0,1
744,1979,12,12,14.42125,14.42125,14.265625,14.265625,31500,0,0
745,1979,12,13,14.265625,14.42125,14.161875,14.3175,58200,0,1
746,1979,12,14,14.3175,14.42125,14.265625,14.265625,38700,0,0
747,1979,12,17,14.369375,14.525,14.369375,14.42125,46600,0.10375,1
748,1979,12,18,14.42125,14.525,14.42125,14.42125,27600,0,0
749,1979,12,19,14.42125,14.680625,14.42125,14.576875,114600,0,1
750,1979,12,20,14.576875,14.7325,14.525,14.62875,47600,0,1
751,1979,12,21,14.680625,15.1475,14.680625,14.7325,58400,0.051875,1
752,1979,12,24,14.7325,14.784375,14.369375,14.525,25600,0,0
753,1979,12,26,14.525,14.680625,14.473125,14.62875,17000,0,1
754,1979,12,27,14.62875,14.7325,14.62875,14.7325,15600,0,1
755,1979,12,28,14.7325,14.888125,14.680625,14.784375,34900,0,1
756,1979,12,31,14.784375,14.888125,14.62875,14.784375,21300,0,0
757,1980,1,2,14.784375,14.888125,14.473125,14.473125,102800,0,0
758,1980,1,3,14.473125,14.94,14.42125,14.784375,99900,0,1
759,1980,1,4,14.784375,14.83625,14.62875,14.62875,32700,0,0
760,1980,1,7,14.62875,14.888125,14.62875,14.784375,19200,0,1
761,1980,1,8,14.83625,15.04375,14.83625,14.991875,27600,0.051875,1
762,1980,1,9,14.991875,15.095625,14.94,14.991875,18700,0,0
763,1980,1,10,14.991875,15.04375,14.888125,15.04375,23000,0,1
764,1980,1,11,15.04375,15.095625,14.991875,15.04375,26400,0,0
765,1980,1,14,15.04375,15.095625,14.7325,14.7325,25600,0,0
766,1980,1,15,14.7325,14.94,14.473125,14.83625,65700,0,1
767,1980,1,16,14.83625,15.1475,14.83625,14.83625,46400,0,0
768,1980,1,17,14.83625,15.095625,14.83625,14.888125,29500,0,1
769,1980,1,18,14.888125,15.04375,14.784375,14.94,27600,0,1
770,1980,1,21,14.94,15.095625,14.83625,14.94,19200,0,0
771,1980,1,22,14.94,14.991875,14.784375,14.784375,18900,0,0
772,1980,1,23,14.784375,14.888125,14.680625,14.784375,21100,0,0
773,1980,1,24,14.784375,14.991875,14.7325,14.888125,36300,0,1
774,1980,1,25,14.888125,14.94,14.7325,14.83625,18900,0,0
775,1980,1,28,14.83625,14.83625,14.576875,14.576875,29200,0,0
776,1980,1,29,14.576875,14.7325,14.576875,14.576875,20400,0,0
777,1980,1,30,14.576875,14.7325,14.525,14.576875,27300,0,0
778,1980,1,31,14.576875,14.680625,14.369375,14.525,33700,0,0
779,1980,2,1,14.525,14.62875,14.473125,14.473125,22800,0,0
780,1980,2,4,14.473125,14.525,14.473125,14.473125,111700,0,0
781,1980,2,5,14.42125,14.42125,14.265625,14.3175,129100,-0.051875,0
782,1980,2,6,14.3175,14.369375,14.058125,14.11,64800,0,0
783,1980,2,7,14.11,14.11,13.59125,13.695,41400,0,0
784,1980,2,8,13.695,13.79875,13.539375,13.79875,78700,0,1
785,1980,2,11,13.79875,13.850625,13.435625,13.59125,150300,0,0
786,1980,2,12,13.59125,13.79875,13.59125,13.746875,340400,0,1
787,1980,2,13,13.746875,13.9025,13.695,13.746875,303600,0,0
788,1980,2,14,13.746875,13.79875,13.59125,13.643125,71200,0,0
789,1980,2,15,13.643125,13.695,13.28,13.435625,133200,0,0
790,1980,2,19,13.38375,13.38375,13.228125,13.38375,131500,-0.051875,0
791,1980,2,20,13.38375,13.539375,13.28,13.539375,54300,0,1
792,1980,2,21,13.539375,13.539375,13.28,13.331875,242400,0,0
793,1980,2,22,13.331875,13.435625,13.28,13.28,26100,0,0
794,1980,2,25,13.28,13.38375,13.228125,13.228125,34600,0,0
795,1980,2,26,13.228125,13.38375,13.0725,13.0725,457300,0,0
796,1980,2,27,13.0725,13.124375,13.0725,13.124375,32000,0,1
797,1980,2,28,13.124375,13.124375,12.865,12.96875,94200,0,0
798,1980,2,29,12.96875,13.0725,12.865,12.916875,228300,0,0
799,1980,3,3,12.916875,13.124375,12.865,12.865,40600,0,0
800,1980,3,4,12.865,12.96875,12.865,12.865,26400,0,0
801,1980,3,5,12.865,13.020625,12.709375,12.865,42300,0,0
802,1980,3,6,12.865,12.916875,12.709375,12.709375,49500,0,0
803,1980,3,7,12.709375,12.865,12.709375,12.709375,36100,0,0
804,1980,3,10,12.709375,12.76125,12.34625,12.45,40200,0,0
805,1980,3,11,12.45,12.76125,12.45,12.45,59400,0,0
806,1980,3,12,12.45,12.55375,12.294375,12.398125,27300,0,0
807,1980,3,13,12.398125,12.45,12.2425,12.294375,28500,0,0
808,1980,3,14,12.294375,12.34625,12.086875,12.2425,156600,0,0
809,1980,3,17,12.2425,12.294375,12.086875,12.2425,60400,0,0
810,1980,3,18,12.190625,12.190625,11.879375,11.983125,37000,-0.051875,0
811,1980,3,19,11.983125,12.13875,11.879375,11.879375,46200,0,0
812,1980,3,20,11.879375,11.983125,11.62,11.62,31000,0,0
813,1980,3,21,11.72375,12.086875,11.72375,11.983125,27600,0.10375,1
814,1980,3,24,11.983125,12.13875,11.51625,11.72375,100400,0,0
815,1980,3,25,11.62,11.62,11.464375,11.568125,37800,-0.10375,0
816,1980,3,26,11.568125,11.62,11.568125,11.62,21300,0,1
817,1980,3,27,11.62,11.62,11.30875,11.4125,31000,0,0
818,1980,3,28,11.4125,11.72375,11.360625,11.72375,34900,0,1
819,1980,3,31,11.93125,12.398125,11.93125,12.035,55300,0.2075,1
820,1980,4,1,12.035,12.13875,11.72375,11.72375,23000,0,0
821,1980,4,2,11.775625,12.035,11.775625,11.983125,48300,0.051875,1
822,1980,4,3,12.086875,12.55375,12.086875,12.45,20400,0.10375,1
823,1980,4,7,12.45,12.45,12.294375,12.45,18400,0,0
824,1980,4,8,12.45,12.45,12.294375,12.45,26100,0,0
825,1980,4,9,12.45,12.501875,12.294375,12.398125,31000,0,0
826,1980,4,10,12.398125,12.55375,12.34625,12.34625,17500,0,0
827,1980,4,11,12.34625,12.501875,12.2425,12.34625,55500,0,0
828,1980,4,14,12.34625,12.34625,12.035,12.035,160400,0,0
829,1980,4,15,12.035,12.2425,12.035,12.086875,15600,0,1
830,1980,4,16,12.086875,12.294375,11.93125,12.035,60900,0,0
831,1980,4,17,12.035,12.086875,11.879375,11.983125,36800,0,0
832,1980,4,18,11.983125,12.035,11.775625,11.775625,36600,0,0
833,1980,4,21,11.775625,11.983125,11.775625,11.93125,27300,0,1
834,1980,4,22,11.93125,12.190625,11.93125,12.13875,38700,0,1
835,1980,4,23,12.13875,12.190625,11.93125,11.93125,30100,0,0
836,1980,4,24,11.93125,12.190625,11.879375,12.035,23000,0,1
837,1980,4,25,12.035,12.2425,11.983125,12.035,18900,0,0
838,1980,4,28,12.086875,12.2425,12.086875,12.086875,25200,0.051875,0
839,1980,4,29,12.086875,12.34625,12.086875,12.2425,29700,0,1
840,1980,4,30,12.2425,12.55375,12.2425,12.55375,40600,0,1
841,1980,5,1,12.55375,12.6575,12.2425,12.294375,30100,0,0
842,1980,5,2,12.294375,12.55375,12.294375,12.398125,46200,0,1
843,1980,5,5,12.398125,12.813125,12.398125,12.76125,31800,0,1
844,1980,5,6,12.76125,12.865,12.709375,12.76125,45700,0,0
845,1980,5,7,12.76125,12.865,12.6575,12.813125,28300,0,1
846,1980,5,8,12.813125,13.020625,12.6575,12.76125,92000,0,0
847,1980,5,9,12.76125,12.865,12.6575,12.813125,36300,0,1
848,1980,5,12,12.813125,12.813125,12.709375,12.76125,31500,0,0
849,1980,5,13,12.76125,12.916875,12.76125,12.813125,34900,0,1
850,1980,5,14,12.813125,12.916875,12.709375,12.709375,32700,0,0
851,1980,5,15,12.709375,12.865,12.709375,12.76125,24900,0,1
852,1980,5,16,12.813125,12.96875,12.813125,12.865,34200,0.051875,1
853,1980,5,19,12.865,13.020625,12.865,12.865,23200,0,0
854,1980,5,20,12.916875,13.0725,12.916875,12.916875,27600,0.051875,0
855,1980,5,21,12.916875,13.124375,12.916875,13.020625,29000,0,1
856,1980,5,22,13.0725,13.228125,13.0725,13.17625,26600,0.051875,1
857,1980,5,23,13.17625,13.331875,13.020625,13.124375,51400,0,0
858,1980,5,27,13.124375,13.17625,13.0725,13.124375,59400,0,0
859,1980,5,28,13.124375,13.17625,12.96875,13.17625,38500,0,1
860,1980,5,29,13.17625,13.28,13.0725,13.124375,29700,0,0
861,1980,5,30,13.124375,13.17625,12.96875,13.124375,29700,0,0
862,1980,6,2,13.124375,13.124375,12.916875,12.916875,33700,0,0
863,1980,6,3,12.916875,13.124375,12.916875,13.0725,20100,0,1
864,1980,6,4,13.0725,13.228125,13.020625,13.0725,37500,0,0
865,1980,6,5,13.124375,13.28,13.124375,13.124375,57000,0.051875,0
866,1980,6,6,13.124375,13.228125,13.0725,13.124375,33200,0,0
867,1980,6,9,13.124375,13.228125,12.916875,13.020625,41600,0,0
868,1980,6,10,13.020625,13.228125,12.96875,13.228125,43000,0,1
869,1980,6,11,13.228125,13.28,13.0725,13.17625,55300,0,0
870,1980,6,12,13.17625,13.28,13.0725,13.0725,43800,0,0
871,1980,6,13,13.124375,13.435625,13.124375,13.331875,44700,0.051875,1
872,1980,6,16,13.331875,13.4875,13.331875,13.4875,39200,0,1
873,1980,6,17,13.59125,13.850625,13.59125,13.643125,30100,0.10375,1
874,1980,6,18,13.643125,13.850625,13.643125,13.695,37000,0,1
875,1980,6,19,13.695,13.79875,13.695,13.695,20400,0,0
876,1980,6,20,13.695,13.79875,13.59125,13.59125,42100,0,0
877,1980,6,23,13.59125,13.954375,13.59125,13.954375,46900,0,1
878,1980,6,24,14.11,14.369375,14.11,14.369375,32000,0.155625,1
879,1980,6,25,14.369375,14.369375,14.265625,14.369375,29000,0,0
880,1980,6,26,14.369375,14.369375,14.11,14.11,33700,0,0
881,1980,6,27,14.11,14.21375,14.058125,14.21375,30100,0,1
882,1980,6,30,14.21375,14.265625,13.850625,13.954375,37800,0,0
883,1980,7,1,13.9025,13.9025,13.643125,13.746875,30600,-0.051875,0
884,1980,7,2,13.746875,13.79875,13.435625,13.59125,39200,0,0
885,1980,7,3,13.59125,13.79875,13.4875,13.79875,27800,0,1
886,1980,7,7,13.850625,14.11,13.850625,14.058125,35800,0.051875,1
887,1980,7,8,14.058125,14.161875,13.954375,13.954375,25400,0,0
888,1980,7,9,13.954375,14.21375,13.79875,14.00625,37000,0,1
889,1980,7,10,14.00625,14.11,13.79875,13.9025,29000,0,0
890,1980,7,11,13.9025,14.00625,13.79875,13.9025,22000,0,0
891,1980,7,14,13.850625,13.850625,13.28,13.331875,39000,-0.051875,0
892,1980,7,15,13.331875,13.4875,13.17625,13.17625,39700,0,0
893,1980,7,16,13.17625,13.38375,12.96875,13.0725,42100,0,0
894,1980,7,17,13.0725,13.17625,12.916875,13.020625,30100,0,0
895,1980,7,18,13.020625,13.17625,13.020625,13.17625,34400,0,1
896,1980,7,21,13.17625,13.435625,13.124375,13.331875,35100,0,1
897,1980,7,22,13.331875,13.38375,13.124375,13.124375,80100,0,0
898,1980,7,23,13.124375,13.228125,13.124375,13.124375,51000,0,0
899,1980,7,24,13.124375,13.17625,13.020625,13.124375,51700,0,0
900,1980,7,25,13.0725,13.0725,12.916875,13.0725,28500,-0.051875,0
901,1980,7,28,13.0725,13.28,13.0725,13.17625,52900,0,1
902,1980,7,29,13.17625,13.28,13.17625,13.228125,40400,0,1
903,1980,7,30,13.228125,13.38375,13.17625,13.228125,51900,0,0
904,1980,7,31,13.228125,13.331875,12.501875,13.28,36800,0,1
905,1980,8,1,13.28,13.331875,13.17625,13.28,35800,0,0
906,1980,8,4,13.28,13.28,13.17625,13.28,41800,0,0
907,1980,8,5,13.28,13.28,13.17625,13.28,29500,0,0
908,1980,8,6,13.28,13.695,13.28,13.695,53400,0,1
909,1980,8,7,13.850625,14.3175,13.850625,14.3175,58900,0.155625,1
910,1980,8,8,14.265625,14.265625,13.954375,14.00625,55000,-0.051875,0
911,1980,8,11,14.00625,14.369375,13.850625,13.850625,48100,0,0
912,1980,8,12,13.850625,13.9025,13.38375,13.539375,427400,0,0
913,1980,8,13,13.539375,13.643125,13.4875,13.59125,287100,0,1
914,1980,8,14,13.539375,13.539375,13.331875,13.38375,49500,-0.051875,0
915,1980,8,15,13.38375,13.4875,13.38375,13.4875,66900,0,1
916,1980,8,18,13.4875,13.4875,13.28,13.38375,32200,0,0
917,1980,8,19,13.38375,13.435625,13.228125,13.435625,34200,0,1
918,1980,8,20,13.435625,13.435625,13.228125,13.228125,29500,0,0
919,1980,8,21,13.28,13.435625,13.28,13.435625,23200,0.051875,1
920,1980,8,22,13.435625,13.59125,13.38375,13.4875,36600,0,1
921,1980,8,25,13.435625,13.435625,13.228125,13.28,34900,-0.051875,0
922,1980,8,26,13.28,13.435625,13.17625,13.228125,78000,0,0
923,1980,8,27,13.228125,13.331875,13.020625,13.020625,36600,0,0
924,1980,8,28,13.020625,13.0725,12.916875,12.916875,37000,0,0
925,1980,8,29,12.916875,13.17625,12.916875,13.0725,62100,0,1
926,1980,9,2,13.0725,13.228125,13.020625,13.17625,35800,0,1
927,1980,9,3,13.17625,13.228125,13.0725,13.228125,56700,0,1
928,1980,9,4,13.228125,13.4875,13.228125,13.331875,44500,0,1
929,1980,9,5,13.331875,13.79875,13.331875,13.435625,43800,0,1
930,1980,9,8,13.435625,13.746875,13.331875,13.746875,35800,0,1
931,1980,9,9,13.746875,14.11,13.695,14.11,37800,0,1
932,1980,9,10,14.11,14.161875,13.9025,13.9025,72700,0,0
933,1980,9,11,13.9025,14.00625,13.79875,13.79875,26400,0,0
934,1980,9,12,13.79875,13.954375,13.746875,13.79875,22800,0,0
935,1980,9,15,13.79875,13.850625,13.539375,13.643125,35800,0,0
936,1980,9,16,13.643125,13.79875,13.539375,13.539375,33900,0,0
937,1980,9,17,13.539375,13.695,13.4875,13.643125,27600,0,1
938,1980,9,18,13.643125,13.850625,13.539375,13.539375,46900,0,0
939,1980,9,19,13.643125,13.954375,13.643125,13.746875,32200,0.10375,1
940,1980,9,22,13.746875,13.850625,13.643125,13.79875,36600,0,1
941,1980,9,23,13.79875,13.9025,13.59125,13.695,68400,0,0
942,1980,9,24,13.695,13.850625,13.643125,13.850625,26600,0,1
943,1980,9,25,13.850625,13.954375,13.79875,13.850625,38500,0,0
944,1980,9,26,13.850625,13.9025,13.28,13.28,55800,0,0
945,1980,9,29,13.228125,13.228125,13.020625,13.124375,33700,-0.051875,0
946,1980,9,30,13.124375,13.17625,12.96875,13.020625,39900,0,0
947,1980,10,1,13.020625,13.17625,12.916875,13.17625,40200,0,1
948,1980,10,2,13.17625,13.59125,13.0725,13.59125,33700,0,1
949,1980,10,3,13.59125,13.695,13.4875,13.695,45200,0,1
950,1980,10,6,13.695,13.850625,13.539375,13.79875,32000,0,1
951,1980,10,7,13.79875,13.850625,13.643125,13.79875,33900,0,0
952,1980,10,8,13.79875,13.850625,13.695,13.850625,25600,0,1
953,1980,10,9,13.850625,14.058125,13.746875,14.058125,34200,0,1
954,1980,10,10,14.058125,14.21375,13.59125,13.9025,47400,0,0
955,1980,10,13,13.9025,13.9025,13.643125,13.79875,47600,0,0
956,1980,10,14,13.79875,14.00625,13.695,13.695,55300,0,0
957,1980,10,15,13.695,13.9025,13.695,13.850625,23000,0,1
958,1980,10,16,13.850625,13.954375,13.746875,13.850625,50200,0,0
959,1980,10,17,13.850625,13.954375,13.539375,13.539375,54100,0,0
960,1980,10,20,13.228125,13.228125,12.96875,13.020625,26100,-0.31125,0
961,1980,10,21,13.020625,13.228125,13.020625,13.020625,57200,0,0
962,1980,10,22,13.020625,13.124375,13.020625,13.020625,34600,0,0
963,1980,10,23,13.020625,13.0725,12.916875,12.916875,46600,0,0
964,1980,10,24,12.916875,13.020625,12.865,12.916875,38700,0,0
965,1980,10,27,12.916875,13.020625,12.813125,12.813125,49800,0,0
966,1980,10,28,12.813125,12.813125,12.709375,12.709375,49300,0,0
967,1980,10,29,12.709375,12.813125,12.709375,12.813125,29500,0,1
968,1980,10,30,12.813125,12.813125,12.709375,12.709375,26800,0,0
969,1980,10,31,12.709375,12.865,12.6575,12.813125,44000,0,1
970,1980,11,3,12.813125,12.96875,12.76125,12.76125,30600,0,0
971,1980,11,5,12.76125,12.96875,12.709375,12.709375,38200,0,0
972,1980,11,6,12.709375,12.813125,12.709375,12.709375,45000,0,0
973,1980,11,7,12.709375,12.865,12.605625,12.6575,49500,0,0
974,1980,11,10,12.6575,12.709375,12.501875,12.55375,80400,0,0
975,1980,11,11,12.605625,12.813125,12.605625,12.605625,102100,0.051875,0
976,1980,11,12,12.605625,12.76125,12.605625,12.6575,27800,0,1
977,1980,11,13,12.6575,13.0725,12.605625,12.605625,53400,0,0
978,1980,11,14,12.605625,12.709375,12.398125,12.398125,526600,0,0
979,1980,11,17,12.398125,12.6575,12.34625,12.55375,49300,0,1
980,1980,11,18,12.55375,12.76125,12.55375,12.605625,39000,0,1
981,1980,11,19,12.605625,12.605625,12.45,12.501875,48600,0,0
982,1980,11,20,12.501875,12.605625,12.45,12.605625,44500,0,1
983,1980,11,21,12.605625,12.76125,12.45,12.45,31300,0,0
984,1980,11,24,12.45,12.45,12.2425,12.2425,52200,0,0
985,1980,11,25,12.2425,12.398125,12.190625,12.294375,75800,0,1
986,1980,11,26,12.294375,12.398125,12.2425,12.34625,61400,0,1
987,1980,11,28,12.34625,12.398125,12.035,12.2425,26600,0,0
988,1980,12,1,12.2425,12.294375,12.035,12.086875,51200,0,0
989,1980,12,2,12.086875,12.190625,11.983125,12.035,44000,0,0
990,1980,12,3,12.035,12.190625,11.671875,11.8275,191500,0,0
991,1980,12,4,11.8275,11.93125,11.671875,11.879375,57200,0,1
992,1980,12,5,11.879375,12.035,11.879375,11.93125,43000,0,1
993,1980,12,8,11.93125,11.983125,11.775625,11.879375,39000,0,0
994,1980,12,9,11.879375,11.983125,11.671875,11.671875,54300,0,0
995,1980,12,10,11.671875,11.72375,11.30875,11.30875,75600,0,0
996,1980,12,11,11.30875,11.464375,11.205,11.30875,45200,0,0
997,1980,12,12,11.30875,11.51625,11.256875,11.4125,60400,0,1
998,1980,12,15,11.51625,11.879375,11.51625,11.775625,74800,0.10375,1
999,1980,12,16,11.775625,11.879375,11.4125,11.568125,177700,0,0
1000,1980,12,17,11.568125,11.62,11.4125,11.62,44500,0,1
